asked_at,question,intent,answer,need_data
2026-06-04T14:37:25,最近三场比赛中，哪位球员得分表现最稳定？,recent_games_analysis,"数据不足 3 场，以下基于已有 2 场计算。最近 3 场比赛中，得分表现最稳定的是 Carter Bryant。他的得分序列为 [2.0, 2.0]，平均 2.0 分，标准差 0.0。标准差越小代表场与场之间波动越小，因此稳定性更好。","recent_games, box_scores"
2026-06-04T15:45:43,最近三场比赛中，哪位球员得分表现最稳定？,recent_games_analysis,"数据不足 3 场，以下基于已有 2 场计算。最近 3 场比赛中，得分表现最稳定的是 Carter Bryant。他的得分序列为 [2.0, 2.0]，平均 2.0 分，标准差 0.0。标准差越小代表场与场之间波动越小，因此稳定性更好。","recent_games, box_scores"
2026-06-04T15:46:10,哪支球队的进攻效率最高？,team_ranking_query,根据当前球队数据，进攻效率表现最好的是Denver Nuggets，进攻效率为 121.2。进攻效率通常表示球队每百回合的得分能力，数值越高说明进攻表现越好。,team_stats
2026-06-04T15:46:18,某位球员的投篮热区有什么特点？,unknown,当前问题需要指定球员、球队或比赛，例如：分析湖人队最近三场比赛表现。,
2026-06-04T15:46:31,库里的投篮热区有什么特点？,unknown,当前问题需要指定球员、球队或比赛，例如：分析湖人队最近三场比赛表现。,
2026-06-04T15:46:37,请生成一份今日焦点比赛分析报告。,report_generation,"## 比赛概览
SAS vs. NYK，数据来源：最近比赛，当前比分/结果：105 - 95。

## 双方球队状态
NYK 对阵 SAS。如果今日比赛尚未开打，当前报告主要基于赛程与已有近期数据；如果是最近比赛，则基于赛后数据复盘。

## 关键球员表现
Josh Hart 0分/0篮板/0助攻；OG Anunoby 0分/0篮板/0助攻；Karl-Anthony Towns 0分/0篮板/0助攻

## 进攻与防守效率分析
当前报告会优先使用比赛复盘和球队技术统计；若单场进阶效率字段缺失，则不编造数值，只给出可验证的得分、篮板、助攻等基础指标。

## 胜负关键因素
重点关注投篮效率、失误控制、篮板保护以及关键球员的稳定输出。

## AI 总结
已自动选择可用比赛数据生成报告；如需要更精确的单场深度复盘，可以继续指定具体 game_id。","today_games, recent_games"
2026-06-04T15:47:08,最近三场比赛中，哪位球员得分表现最稳定？,recent_games_analysis,"数据不足 3 场，以下基于已有 2 场计算。最近 3 场比赛中，得分表现最稳定的是 Carter Bryant。他的得分序列为 [2.0, 2.0]，平均 2.0 分，标准差 0.0。标准差越小代表场与场之间波动越小，因此稳定性更好。","recent_games, box_scores"
