period,game_clock,home_score,away_score,score_margin,clock_seconds
1,12:00,0,0,0,720
1,12:00,0,0,0,720
1,11:39,0,2,-2,699
1,11:21,0,2,-2,681
1,11:21,0,2,-2,681
1,11:17,0,2,-2,677
1,10:59,0,4,-4,659
1,10:41,2,4,-2,641
1,10:33,2,6,-4,633
1,10:12,4,6,-2,612
1,09:55,4,8,-4,595
1,09:39,4,8,-4,579
1,09:36,4,8,-4,576
1,09:30,4,8,-4,570
1,09:29,4,8,-4,569
1,09:11,4,10,-6,551
1,08:52,4,10,-6,532
1,08:48,4,10,-6,528
1,08:42,4,10,-6,522
1,08:38,4,10,-6,518
1,08:26,4,10,-6,506
1,08:26,4,10,-6,506
1,08:21,4,10,-6,501
1,08:21,4,10,-6,501
1,08:12,4,10,-6,492
1,08:10,4,10,-6,490
1,07:57,6,10,-4,477
1,07:36,6,13,-7,456
1,07:21,6,13,-7,441
1,07:21,6,13,-7,441
1,07:14,6,13,-7,434
1,07:09,6,13,-7,429
1,06:56,8,13,-5,416
1,06:51,8,16,-8,411
1,06:38,8,16,-8,398
1,06:38,8,16,-8,398
1,06:34,8,16,-8,394
1,06:33,8,16,-8,393
1,06:33,8,18,-10,393
1,06:33,8,18,-10,393
1,06:33,8,18,-10,393
1,06:33,8,18,-10,393
1,06:33,8,18,-10,393
1,06:20,8,18,-10,380
1,06:16,8,18,-10,376
1,06:14,8,18,-10,374
1,06:14,8,18,-10,374
1,06:04,11,18,-7,364
1,05:51,11,21,-10,351
1,05:42,13,21,-8,342
1,05:30,13,23,-10,330
1,05:30,13,23,-10,330
1,05:30,13,24,-11,330
1,05:15,13,24,-11,315
1,05:15,13,24,-11,315
1,05:07,13,27,-14,307
1,04:48,15,27,-12,288
1,04:33,15,27,-12,273
1,04:30,15,27,-12,270
1,04:25,18,27,-9,265
1,04:24,18,27,-9,264
1,04:24,18,27,-9,264
1,04:24,18,27,-9,264
1,04:24,18,27,-9,264
1,04:24,18,27,-9,264
1,04:07,18,27,-9,247
1,04:05,18,27,-9,245
1,04:00,18,27,-9,240
1,04:00,18,27,-9,240
1,03:54,18,27,-9,234
1,03:54,18,27,-9,234
1,03:49,18,27,-9,229
1,03:49,19,27,-8,229
1,03:49,19,27,-8,229
1,03:49,20,27,-7,229
1,03:26,20,27,-7,206
1,03:23,20,27,-7,203
1,03:07,20,27,-7,187
1,03:05,20,27,-7,185
1,02:56,20,27,-7,176
1,02:53,20,27,-7,173
1,02:42,20,27,-7,162
1,02:40,20,27,-7,160
1,02:34,20,27,-7,154
1,02:32,20,27,-7,152
1,02:32,20,27,-7,152
1,02:32,20,27,-7,152
1,02:22,20,27,-7,142
1,02:18,20,27,-7,138
1,02:07,20,29,-9,127
1,01:53,20,29,-9,113
1,01:51,20,29,-9,111
1,01:49,20,29,-9,109
1,01:49,20,30,-10,109
1,01:49,20,30,-10,109
1,01:49,20,31,-11,109
1,01:25,20,31,-11,85
1,01:20,20,31,-11,80
1,01:12,20,31,-11,72
1,01:12,20,31,-11,72
1,01:12,20,31,-11,72
1,01:12,20,31,-11,72
1,00:53,20,31,-11,53
1,00:53,20,31,-11,53
1,00:53,22,31,-9,53
1,00:40,22,31,-9,40
1,00:40,22,31,-9,40
1,00:40,22,31,-9,40
1,00:40,22,31,-9,40
1,00:40,22,31,-9,40
1,00:40,22,31,-9,40
1,00:40,22,32,-10,40
1,00:22,22,32,-10,22
1,00:22,22,32,-10,22
1,00:22,22,32,-10,22
1,00:15,25,32,-7,15
1,00:03,25,32,-7,3
1,00:00,25,32,-7,0
1,00:00,25,32,-7,0
1,00:00,25,32,-7,0
1,00:00,25,32,-7,0
2,12:00,25,32,-7,720
2,11:46,27,32,-5,706
2,11:27,27,35,-8,687
2,11:07,27,35,-8,667
2,11:07,27,35,-8,667
2,11:07,27,35,-8,667
2,11:07,27,35,-8,667
2,10:45,27,35,-8,645
2,10:41,27,35,-8,641
2,10:20,27,35,-8,620
2,10:20,27,35,-8,620
2,10:20,27,35,-8,620
2,10:12,29,35,-6,612
2,09:55,29,35,-6,595
2,09:55,29,35,-6,595
2,09:55,29,35,-6,595
2,09:47,29,35,-6,587
2,09:47,29,35,-6,587
2,09:38,31,35,-4,578
2,09:23,31,37,-6,563
2,09:05,31,37,-6,545
2,09:02,31,37,-6,542
2,08:58,31,40,-9,538
2,08:57,31,40,-9,537
2,08:57,31,40,-9,537
2,08:57,31,40,-9,537
2,08:32,31,40,-9,512
2,08:30,31,40,-9,510
2,08:29,33,40,-7,509
2,08:10,33,40,-7,490
2,08:07,33,40,-7,487
2,07:59,33,40,-7,479
2,07:59,33,40,-7,479
2,07:59,33,40,-7,479
2,07:59,33,40,-7,479
2,07:40,33,40,-7,460
2,07:40,33,40,-7,460
2,07:38,33,40,-7,458
2,07:33,33,40,-7,453
2,07:31,33,40,-7,451
2,07:25,33,42,-9,445
2,07:15,33,42,-9,435
2,07:15,33,42,-9,435
2,07:15,33,42,-9,435
2,07:15,33,42,-9,435
2,07:15,33,42,-9,435
2,07:15,33,42,-9,435
2,07:13,33,42,-9,433
2,07:02,33,42,-9,422
2,07:02,33,43,-10,422
2,07:02,33,44,-11,422
2,06:51,36,44,-8,411
2,06:45,36,44,-8,405
2,06:45,36,44,-8,405
2,06:45,36,44,-8,405
2,06:32,36,44,-8,392
2,06:30,36,44,-8,390
2,06:20,36,44,-8,380
2,06:18,36,44,-8,378
2,06:11,36,44,-8,371
2,06:08,36,44,-8,368
2,06:05,38,44,-6,365
2,05:50,38,44,-6,350
2,05:49,38,44,-6,349
2,05:30,38,44,-6,330
2,05:30,38,44,-6,330
2,05:30,38,44,-6,330
2,05:30,38,44,-6,330
2,05:30,38,44,-6,330
2,05:28,38,44,-6,328
2,05:23,38,44,-6,323
2,05:23,38,44,-6,323
2,05:13,38,44,-6,313
2,05:13,38,44,-6,313
2,05:02,40,44,-4,302
2,04:42,40,44,-4,282
2,04:40,40,44,-4,280
2,04:39,40,46,-6,279
2,04:32,42,46,-4,272
2,04:14,42,46,-4,254
2,04:12,42,46,-4,252
2,04:10,42,46,-4,250
2,04:10,42,46,-4,250
2,03:50,44,46,-2,230
2,03:30,44,46,-2,210
2,03:29,44,46,-2,209
2,03:11,44,46,-2,191
2,03:11,44,46,-2,191
2,03:09,44,46,-2,189
2,03:09,44,46,-2,189
2,03:09,44,46,-2,189
2,03:09,44,47,-3,189
2,03:09,44,47,-3,189
2,03:09,44,47,-3,189
2,03:07,44,47,-3,187
2,02:52,46,47,-1,172
2,02:36,46,49,-3,156
2,02:22,46,49,-3,142
2,02:20,46,49,-3,140
2,02:17,49,49,0,137
2,01:55,49,49,0,115
2,01:53,49,49,0,113
2,01:33,51,49,2,93
2,01:17,51,49,2,77
2,01:17,51,49,2,77
2,01:17,51,49,2,77
2,01:17,52,49,3,77
2,01:17,53,49,4,77
2,00:54,53,52,1,54
2,00:39,53,52,1,39
2,00:39,53,52,1,39
2,00:35,53,52,1,35
2,00:35,53,52,1,35
2,00:35,53,52,1,35
2,00:35,53,54,-1,35
2,00:28,53,54,-1,28
2,00:26,53,54,-1,26
2,00:04,53,56,-3,4
2,00:00,53,56,-3,0
2,00:00,53,56,-3,0
2,00:00,53,56,-3,0
3,12:00,53,56,-3,720
3,11:45,53,56,-3,705
3,11:41,53,56,-3,701
3,11:25,53,56,-3,685
3,11:21,53,56,-3,681
3,11:04,53,56,-3,664
3,11:02,53,56,-3,662
3,10:51,53,58,-5,651
3,10:24,55,58,-3,624
3,10:07,55,60,-5,607
3,09:56,55,60,-5,596
3,09:56,55,60,-5,596
3,09:56,55,60,-5,596
3,09:43,58,60,-2,583
3,09:26,58,60,-2,566
3,09:25,58,60,-2,565
3,09:10,61,60,1,550
3,08:57,61,60,1,537
3,08:57,61,60,1,537
3,08:54,61,60,1,534
3,08:39,61,60,1,519
3,08:39,62,60,2,519
3,08:39,62,60,2,519
3,08:39,62,60,2,519
3,08:39,62,60,2,519
3,08:39,63,60,3,519
3,08:29,63,63,0,509
3,08:09,63,63,0,489
3,08:09,63,63,0,489
3,08:04,63,63,0,484
3,08:04,63,63,0,484
3,08:03,63,63,0,483
3,07:50,63,63,0,470
3,07:46,63,63,0,466
3,07:43,63,63,0,463
3,07:33,63,63,0,453
3,07:33,63,64,-1,453
3,07:33,63,64,-1,453
3,07:33,63,64,-1,453
3,07:33,63,65,-2,453
3,07:25,63,65,-2,445
3,07:25,63,65,-2,445
3,07:25,63,65,-2,445
3,07:25,63,65,-2,445
3,07:25,63,65,-2,445
3,07:16,63,68,-5,436
3,07:04,65,68,-3,424
3,06:50,65,68,-3,410
3,06:46,65,68,-3,406
3,06:34,65,70,-5,394
3,06:22,65,70,-5,382
3,06:18,65,70,-5,378
3,06:18,65,70,-5,378
3,06:18,65,70,-5,378
3,06:13,65,73,-8,373
3,06:12,65,73,-8,372
3,06:12,65,73,-8,372
3,06:12,65,73,-8,372
3,06:04,65,73,-8,364
3,06:04,65,73,-8,364
3,05:53,65,73,-8,353
3,05:50,65,73,-8,350
3,05:50,65,73,-8,350
3,05:28,65,73,-8,328
3,05:26,65,73,-8,326
3,05:21,65,76,-11,321
3,05:03,65,76,-11,303
3,05:02,65,76,-11,302
3,04:52,65,76,-11,292
3,04:48,65,76,-11,288
3,04:45,65,76,-11,285
3,04:45,66,76,-10,285
3,04:45,66,76,-10,285
3,04:45,66,76,-10,285
3,04:45,66,76,-10,285
3,04:45,66,76,-10,285
3,04:45,66,76,-10,285
3,04:45,66,76,-10,285
3,04:45,67,76,-9,285
3,04:29,67,76,-9,269
3,04:27,67,76,-9,267
3,04:22,67,76,-9,262
3,04:11,67,76,-9,251
3,04:08,67,76,-9,248
3,04:08,67,76,-9,248
3,04:07,67,76,-9,247
3,04:07,67,76,-9,247
3,04:00,67,76,-9,240
3,03:59,67,76,-9,239
3,03:59,67,76,-9,239
3,03:59,67,76,-9,239
3,03:59,67,76,-9,239
3,03:59,67,76,-9,239
3,04:27,67,76,-9,267
3,04:26,67,76,-9,266
3,03:59,67,77,-10,239
3,03:48,67,77,-10,228
3,03:48,68,77,-9,228
3,03:48,69,77,-8,228
3,03:36,69,77,-8,216
3,03:32,69,77,-8,212
3,03:15,69,77,-8,195
3,03:15,70,77,-7,195
3,04:07,70,77,-7,247
3,04:07,70,77,-7,247
3,03:15,71,77,-6,195
3,03:15,72,77,-5,195
3,03:04,72,77,-5,184
3,02:59,72,77,-5,179
3,02:58,72,77,-5,178
3,02:53,72,77,-5,173
3,02:49,72,77,-5,169
3,02:46,72,77,-5,166
3,02:46,72,77,-5,166
3,02:46,73,77,-4,166
3,02:46,73,77,-4,166
3,02:46,73,77,-4,166
3,02:46,74,77,-3,166
3,02:29,74,79,-5,149
3,02:10,74,79,-5,130
3,02:07,74,79,-5,127
3,02:00,74,79,-5,120
3,02:00,74,79,-5,120
3,02:00,74,79,-5,120
3,02:00,74,79,-5,120
3,02:00,74,79,-5,120
3,02:00,74,79,-5,120
3,02:00,74,79,-5,120
3,02:00,74,79,-5,120
3,01:47,74,79,-5,107
3,01:45,74,79,-5,105
3,01:33,74,79,-5,93
3,01:31,74,79,-5,91
3,01:08,77,79,-2,68
3,01:06,77,79,-2,66
3,00:52,77,79,-2,52
3,00:49,77,79,-2,49
3,00:48,77,79,-2,48
3,00:48,77,80,-3,48
3,00:48,77,80,-3,48
3,00:48,77,80,-3,48
3,00:48,77,80,-3,48
3,00:46,77,80,-3,46
3,00:28,77,80,-3,28
3,00:24,77,80,-3,24
3,00:03,77,80,-3,3
3,00:03,77,80,-3,3
3,00:00,77,80,-3,0
3,00:00,77,80,-3,0
3,00:00,77,80,-3,0
4,12:00,77,80,-3,720
4,11:41,77,80,-3,701
4,11:41,77,80,-3,701
4,11:41,77,80,-3,701
4,11:41,77,81,-4,701
4,11:30,79,81,-2,690
4,11:06,79,84,-5,666
4,10:53,82,84,-2,653
4,10:39,82,84,-2,639
4,10:36,82,84,-2,636
4,10:33,82,87,-5,633
4,10:07,82,87,-5,607
4,10:06,82,87,-5,606
4,10:06,82,87,-5,606
4,10:06,82,87,-5,606
4,09:52,82,87,-5,592
4,09:52,82,88,-6,592
4,09:52,82,89,-7,592
4,09:44,82,89,-7,584
4,09:44,82,89,-7,584
4,09:44,82,89,-7,584
4,09:44,83,89,-6,584
4,09:30,83,92,-9,570
4,09:07,86,92,-6,547
4,08:43,86,95,-9,523
4,08:31,86,95,-9,511
4,08:27,86,95,-9,507
4,08:16,86,95,-9,496
4,08:12,86,95,-9,492
4,08:08,86,95,-9,488
4,08:04,86,95,-9,484
4,08:00,86,97,-11,480
4,08:00,86,97,-11,480
4,08:00,86,97,-11,480
4,08:00,86,97,-11,480
4,08:00,86,97,-11,480
4,08:00,86,97,-11,480
4,07:50,88,97,-9,470
4,07:50,88,97,-9,470
4,07:50,89,97,-8,470
4,07:35,89,97,-8,455
4,07:33,89,97,-8,453
4,07:23,89,97,-8,443
4,07:21,89,97,-8,441
4,07:02,89,97,-8,422
4,06:59,89,97,-8,419
4,06:49,91,97,-6,409
4,06:48,91,97,-6,408
4,06:48,91,97,-6,408
4,06:48,91,97,-6,408
4,06:48,91,97,-6,408
4,06:34,91,97,-6,394
4,06:34,91,97,-6,394
4,06:31,91,97,-6,391
4,06:31,91,97,-6,391
4,06:28,91,97,-6,388
4,06:13,91,99,-8,373
4,05:49,91,99,-8,349
4,05:49,91,99,-8,349
4,05:33,91,102,-11,333
4,05:16,93,102,-9,316
4,04:49,93,102,-9,289
4,04:49,93,102,-9,289
4,04:44,93,102,-9,284
4,04:42,93,102,-9,282
4,04:29,93,102,-9,269
4,04:26,93,102,-9,266
4,04:26,93,104,-11,266
4,04:26,93,104,-11,266
4,04:26,93,104,-11,266
4,04:26,93,104,-11,266
4,04:26,93,104,-11,266
4,04:09,95,104,-9,249
4,04:06,95,104,-9,246
4,04:06,95,104,-9,246
4,03:46,95,107,-12,226
4,03:26,98,107,-9,206
4,02:34,98,107,-9,154
4,02:31,98,107,-9,151
4,02:16,98,107,-9,136
4,02:16,98,107,-9,136
4,02:13,98,107,-9,133
4,02:02,101,107,-6,122
4,01:36,101,107,-6,96
4,01:36,101,107,-6,96
4,01:25,101,107,-6,85
4,01:23,101,107,-6,83
4,01:23,101,107,-6,83
4,01:23,101,107,-6,83
4,02:57,101,107,-6,177
4,02:57,101,107,-6,177
4,01:01,101,107,-6,61
4,00:59,101,107,-6,59
4,00:59,101,109,-8,59
4,00:52,103,109,-6,52
4,00:42,103,109,-6,42
4,00:42,103,109,-6,42
4,00:42,103,109,-6,42
4,00:42,103,109,-6,42
4,00:40,103,109,-6,40
4,00:40,103,109,-6,40
4,00:28,103,109,-6,28
4,00:22,103,109,-6,22
4,00:22,103,109,-6,22
4,00:22,103,109,-6,22
4,00:22,103,109,-6,22
4,00:22,103,109,-6,22
4,00:22,103,109,-6,22
4,00:22,103,109,-6,22
4,00:18,103,109,-6,18
4,00:17,103,109,-6,17
4,00:12,103,109,-6,12
4,00:08,103,109,-6,8
4,00:04,103,111,-8,4
4,00:00,103,111,-8,0
