LOC_X,LOC_Y,SHOT_MADE_FLAG,SHOT_TYPE,SHOT_ZONE_BASIC,SHOT_ZONE_AREA,SHOT_ZONE_RANGE,ACTION_TYPE,SHOT_VALUE,POINTS
176,200,0,3PT Field Goal,Above the Break 3,Right Side Center(RC),24+ ft.,Jump Shot,3,0
-153,200,1,3PT Field Goal,Above the Break 3,Left Side Center(LC),24+ ft.,Pullup Jump shot,3,3
-232,12,0,3PT Field Goal,Left Corner 3,Left Side(L),24+ ft.,Jump Shot,3,0
-31,20,1,2PT Field Goal,Restricted Area,Center(C),Less Than 8 ft.,Driving Layup Shot,2,2
-42,72,0,2PT Field Goal,In The Paint (Non-RA),Left Side(L),8-16 ft.,Pullup Jump shot,2,0
5,39,1,2PT Field Goal,Restricted Area,Center(C),Less Than 8 ft.,Driving Finger Roll Layup Shot,2,2
-23,17,0,2PT Field Goal,Restricted Area,Center(C),Less Than 8 ft.,Driving Layup Shot,2,0
-53,63,1,2PT Field Goal,In The Paint (Non-RA),Left Side(L),8-16 ft.,Driving Hook Shot,2,2
2,25,1,2PT Field Goal,Restricted Area,Center(C),Less Than 8 ft.,Running Finger Roll Layup Shot,2,2
27,20,0,2PT Field Goal,Restricted Area,Center(C),Less Than 8 ft.,Driving Layup Shot,2,0
-22,15,1,2PT Field Goal,Restricted Area,Center(C),Less Than 8 ft.,Driving Layup Shot,2,2
17,14,0,2PT Field Goal,Restricted Area,Center(C),Less Than 8 ft.,Driving Layup Shot,2,0
11,24,1,2PT Field Goal,Restricted Area,Center(C),Less Than 8 ft.,Driving Dunk Shot,2,2
36,252,0,3PT Field Goal,Above the Break 3,Center(C),24+ ft.,Jump Shot,3,0
-43,152,0,2PT Field Goal,Mid-Range,Center(C),8-16 ft.,Pullup Jump shot,2,0
20,6,1,2PT Field Goal,Restricted Area,Center(C),Less Than 8 ft.,Layup Shot,2,2
56,278,1,3PT Field Goal,Above the Break 3,Center(C),24+ ft.,Running Pull-Up Jump Shot,3,3
-70,37,1,2PT Field Goal,In The Paint (Non-RA),Center(C),Less Than 8 ft.,Driving Floating Bank Jump Shot,2,2
-87,35,1,2PT Field Goal,Mid-Range,Left Side(L),8-16 ft.,Driving Floating Bank Jump Shot,2,2
-58,162,1,2PT Field Goal,Mid-Range,Left Side Center(LC),16-24 ft.,Pullup Jump shot,2,2
-229,9,0,3PT Field Goal,Left Corner 3,Left Side(L),24+ ft.,Jump Shot,3,0
-1,19,1,2PT Field Goal,Restricted Area,Center(C),Less Than 8 ft.,Cutting Finger Roll Layup Shot,2,2
83,37,0,2PT Field Goal,Mid-Range,Right Side(R),8-16 ft.,Pullup Jump shot,2,0
-233,67,1,3PT Field Goal,Left Corner 3,Left Side(L),24+ ft.,Jump Shot,3,3
-26,58,0,2PT Field Goal,In The Paint (Non-RA),Center(C),Less Than 8 ft.,Turnaround Fadeaway shot,2,0
113,83,1,2PT Field Goal,Mid-Range,Right Side(R),8-16 ft.,Fadeaway Jump Shot,2,2
-88,247,0,3PT Field Goal,Above the Break 3,Left Side Center(LC),24+ ft.,Running Jump Shot,3,0
11,19,1,2PT Field Goal,Restricted Area,Center(C),Less Than 8 ft.,Running Layup Shot,2,2
-5,53,1,2PT Field Goal,In The Paint (Non-RA),Center(C),Less Than 8 ft.,Alley Oop Dunk Shot,2,2
-74,146,0,2PT Field Goal,Mid-Range,Left Side Center(LC),16-24 ft.,Fadeaway Jump Shot,2,0
-50,9,0,2PT Field Goal,In The Paint (Non-RA),Center(C),Less Than 8 ft.,Turnaround Fadeaway shot,2,0
-114,243,0,3PT Field Goal,Above the Break 3,Left Side Center(LC),24+ ft.,Step Back Jump shot,3,0
-13,26,1,2PT Field Goal,Restricted Area,Center(C),Less Than 8 ft.,Running Layup Shot,2,2
-235,65,1,3PT Field Goal,Left Corner 3,Left Side(L),24+ ft.,Jump Shot,3,3
-235,16,0,3PT Field Goal,Left Corner 3,Left Side(L),24+ ft.,Jump Shot,3,0
-12,22,0,2PT Field Goal,Restricted Area,Center(C),Less Than 8 ft.,Layup Shot,2,0
-7,26,1,2PT Field Goal,Restricted Area,Center(C),Less Than 8 ft.,Running Layup Shot,2,2
-234,38,0,3PT Field Goal,Left Corner 3,Left Side(L),24+ ft.,Jump Shot,3,0
-5,21,0,2PT Field Goal,Restricted Area,Center(C),Less Than 8 ft.,Putback Layup Shot,2,0
-201,179,0,3PT Field Goal,Above the Break 3,Left Side Center(LC),24+ ft.,Jump Shot,3,0
168,200,1,3PT Field Goal,Above the Break 3,Right Side Center(RC),24+ ft.,Jump Shot,3,3
175,183,0,3PT Field Goal,Above the Break 3,Right Side Center(RC),24+ ft.,Running Pull-Up Jump Shot,3,0
-206,162,1,3PT Field Goal,Above the Break 3,Left Side Center(LC),24+ ft.,Jump Shot,3,3
-13,55,0,2PT Field Goal,In The Paint (Non-RA),Center(C),Less Than 8 ft.,Driving Layup Shot,2,0
-168,227,1,3PT Field Goal,Above the Break 3,Left Side Center(LC),24+ ft.,Running Pull-Up Jump Shot,3,3
-54,136,1,2PT Field Goal,In The Paint (Non-RA),Center(C),8-16 ft.,Pullup Jump shot,2,2
-6,21,1,2PT Field Goal,Restricted Area,Center(C),Less Than 8 ft.,Driving Layup Shot,2,2
9,8,0,2PT Field Goal,Restricted Area,Center(C),Less Than 8 ft.,Alley Oop Layup shot,2,0
-9,56,0,2PT Field Goal,In The Paint (Non-RA),Center(C),Less Than 8 ft.,Running Layup Shot,2,0
39,21,1,2PT Field Goal,In The Paint (Non-RA),Center(C),Less Than 8 ft.,Running Dunk Shot,2,2
38,20,0,2PT Field Goal,In The Paint (Non-RA),Center(C),Less Than 8 ft.,Driving Finger Roll Layup Shot,2,0
-51,17,0,2PT Field Goal,In The Paint (Non-RA),Center(C),Less Than 8 ft.,Driving Layup Shot,2,0
-222,109,0,3PT Field Goal,Above the Break 3,Left Side Center(LC),24+ ft.,Running Jump Shot,3,0
109,224,0,3PT Field Goal,Above the Break 3,Right Side Center(RC),24+ ft.,Jump Shot,3,0
51,21,0,2PT Field Goal,In The Paint (Non-RA),Center(C),Less Than 8 ft.,Running Alley Oop Dunk Shot,2,0
23,14,1,2PT Field Goal,Restricted Area,Center(C),Less Than 8 ft.,Running Dunk Shot,2,2
11,82,1,2PT Field Goal,In The Paint (Non-RA),Center(C),8-16 ft.,Fadeaway Jump Shot,2,2
21,27,1,2PT Field Goal,Restricted Area,Center(C),Less Than 8 ft.,Running Layup Shot,2,2
40,8,1,2PT Field Goal,In The Paint (Non-RA),Center(C),Less Than 8 ft.,Driving Dunk Shot,2,2
228,-16,0,3PT Field Goal,Right Corner 3,Right Side(R),24+ ft.,Jump Shot,3,0
27,32,1,2PT Field Goal,In The Paint (Non-RA),Center(C),Less Than 8 ft.,Running Dunk Shot,2,2
127,47,0,2PT Field Goal,Mid-Range,Right Side(R),8-16 ft.,Fadeaway Jump Shot,2,0
-105,80,0,2PT Field Goal,Mid-Range,Left Side(L),8-16 ft.,Fadeaway Jump Shot,2,0
29,20,1,2PT Field Goal,Restricted Area,Center(C),Less Than 8 ft.,Running Layup Shot,2,2
-27,38,1,2PT Field Goal,In The Paint (Non-RA),Center(C),Less Than 8 ft.,Driving Layup Shot,2,2
86,246,0,3PT Field Goal,Above the Break 3,Right Side Center(RC),24+ ft.,Jump Shot,3,0
49,87,1,2PT Field Goal,In The Paint (Non-RA),Center(C),8-16 ft.,Driving Floating Jump Shot,2,2
-158,10,1,2PT Field Goal,Mid-Range,Left Side(L),8-16 ft.,Turnaround Fadeaway shot,2,2
230,34,0,3PT Field Goal,Right Corner 3,Right Side(R),24+ ft.,Jump Shot,3,0
-6,82,0,2PT Field Goal,In The Paint (Non-RA),Center(C),8-16 ft.,Turnaround Jump Shot,2,0
32,40,0,2PT Field Goal,In The Paint (Non-RA),Center(C),Less Than 8 ft.,Driving Floating Jump Shot,2,0
-100,54,0,2PT Field Goal,Mid-Range,Left Side(L),8-16 ft.,Turnaround Jump Shot,2,0
59,248,0,3PT Field Goal,Above the Break 3,Center(C),24+ ft.,Jump Shot,3,0
43,57,0,2PT Field Goal,In The Paint (Non-RA),Center(C),Less Than 8 ft.,Driving Floating Bank Jump Shot,2,0
-99,260,1,3PT Field Goal,Above the Break 3,Left Side Center(LC),24+ ft.,Step Back Jump shot,3,3
-148,217,0,3PT Field Goal,Above the Break 3,Left Side Center(LC),24+ ft.,Pullup Jump shot,3,0
-131,16,0,2PT Field Goal,Mid-Range,Left Side(L),8-16 ft.,Fadeaway Jump Shot,2,0
-53,40,0,2PT Field Goal,In The Paint (Non-RA),Center(C),Less Than 8 ft.,Driving Floating Bank Jump Shot,2,0
12,3,0,2PT Field Goal,Restricted Area,Center(C),Less Than 8 ft.,Running Finger Roll Layup Shot,2,0
-88,250,0,3PT Field Goal,Above the Break 3,Left Side Center(LC),24+ ft.,Jump Shot,3,0
-31,16,0,2PT Field Goal,Restricted Area,Center(C),Less Than 8 ft.,Driving Layup Shot,2,0
108,241,0,3PT Field Goal,Above the Break 3,Right Side Center(RC),24+ ft.,Jump Shot,3,0
-9,-1,1,2PT Field Goal,Restricted Area,Center(C),Less Than 8 ft.,Driving Layup Shot,2,2
38,9,0,2PT Field Goal,Restricted Area,Center(C),Less Than 8 ft.,Driving Layup Shot,2,0
5,129,1,2PT Field Goal,In The Paint (Non-RA),Center(C),8-16 ft.,Turnaround Fadeaway shot,2,2
-10,12,0,2PT Field Goal,Restricted Area,Center(C),Less Than 8 ft.,Driving Layup Shot,2,0
6,7,1,2PT Field Goal,Restricted Area,Center(C),Less Than 8 ft.,Running Finger Roll Layup Shot,2,2
-74,262,0,3PT Field Goal,Above the Break 3,Center(C),24+ ft.,Step Back Jump shot,3,0
-190,165,0,3PT Field Goal,Above the Break 3,Left Side Center(LC),24+ ft.,Jump Shot,3,0
22,4,0,2PT Field Goal,Restricted Area,Center(C),Less Than 8 ft.,Driving Layup Shot,2,0
245,62,0,3PT Field Goal,Right Corner 3,Right Side(R),24+ ft.,Jump Shot,3,0
-22,27,1,2PT Field Goal,Restricted Area,Center(C),Less Than 8 ft.,Running Finger Roll Layup Shot,2,2
110,79,0,2PT Field Goal,Mid-Range,Right Side(R),8-16 ft.,Turnaround Fadeaway shot,2,0
-44,85,1,2PT Field Goal,In The Paint (Non-RA),Center(C),8-16 ft.,Turnaround Hook Shot,2,2
-229,-22,0,3PT Field Goal,Left Corner 3,Left Side(L),24+ ft.,Jump Shot,3,0
-7,4,0,2PT Field Goal,Restricted Area,Center(C),Less Than 8 ft.,Running Finger Roll Layup Shot,2,0
1,10,1,2PT Field Goal,Restricted Area,Center(C),Less Than 8 ft.,Running Finger Roll Layup Shot,2,2
0,-5,1,2PT Field Goal,Restricted Area,Center(C),Less Than 8 ft.,Running Dunk Shot,2,2
-203,204,1,3PT Field Goal,Above the Break 3,Left Side Center(LC),24+ ft.,Running Pull-Up Jump Shot,3,3
51,275,0,3PT Field Goal,Above the Break 3,Center(C),24+ ft.,Pullup Jump shot,3,0
-6,54,0,2PT Field Goal,In The Paint (Non-RA),Center(C),Less Than 8 ft.,Driving Finger Roll Layup Shot,2,0
2,182,1,2PT Field Goal,Mid-Range,Center(C),16-24 ft.,Turnaround Fadeaway shot,2,2
-56,121,1,2PT Field Goal,In The Paint (Non-RA),Center(C),8-16 ft.,Fadeaway Jump Shot,2,2
81,255,1,3PT Field Goal,Above the Break 3,Center(C),24+ ft.,Jump Shot,3,3
7,110,0,2PT Field Goal,In The Paint (Non-RA),Center(C),8-16 ft.,Floating Jump shot,2,0
16,-2,1,2PT Field Goal,Restricted Area,Center(C),Less Than 8 ft.,Driving Layup Shot,2,2
-9,224,1,2PT Field Goal,Mid-Range,Center(C),16-24 ft.,Jump Shot,2,2
-77,252,1,3PT Field Goal,Above the Break 3,Center(C),24+ ft.,Jump Shot,3,3
-86,256,1,3PT Field Goal,Above the Break 3,Left Side Center(LC),24+ ft.,Jump Shot,3,3
-153,130,1,2PT Field Goal,Mid-Range,Left Side Center(LC),16-24 ft.,Fadeaway Jump Shot,2,2
32,32,1,2PT Field Goal,In The Paint (Non-RA),Center(C),Less Than 8 ft.,Driving Layup Shot,2,2
-136,14,0,2PT Field Goal,Mid-Range,Left Side(L),8-16 ft.,Turnaround Jump Shot,2,0
31,15,1,2PT Field Goal,Restricted Area,Center(C),Less Than 8 ft.,Running Layup Shot,2,2
0,0,0,2PT Field Goal,Restricted Area,Center(C),Less Than 8 ft.,Tip Layup Shot,2,0
-109,226,0,3PT Field Goal,Above the Break 3,Left Side Center(LC),24+ ft.,Jump Shot,3,0
31,22,1,2PT Field Goal,Restricted Area,Center(C),Less Than 8 ft.,Running Layup Shot,2,2
-36,16,1,2PT Field Goal,Restricted Area,Center(C),Less Than 8 ft.,Driving Layup Shot,2,2
9,74,0,2PT Field Goal,In The Paint (Non-RA),Center(C),Less Than 8 ft.,Turnaround Jump Shot,2,0
-22,20,1,2PT Field Goal,Restricted Area,Center(C),Less Than 8 ft.,Driving Reverse Layup Shot,2,2
25,10,1,2PT Field Goal,Restricted Area,Center(C),Less Than 8 ft.,Running Dunk Shot,2,2
-202,181,0,3PT Field Goal,Above the Break 3,Left Side Center(LC),24+ ft.,Jump Shot,3,0
-12,176,1,2PT Field Goal,Mid-Range,Center(C),16-24 ft.,Pullup Jump shot,2,2
-157,207,0,3PT Field Goal,Above the Break 3,Left Side Center(LC),24+ ft.,Pullup Jump shot,3,0
-34,55,1,2PT Field Goal,In The Paint (Non-RA),Center(C),Less Than 8 ft.,Cutting Dunk Shot,2,2
-224,170,0,3PT Field Goal,Above the Break 3,Left Side Center(LC),24+ ft.,Jump Shot,3,0
-91,106,0,2PT Field Goal,Mid-Range,Left Side(L),8-16 ft.,Turnaround Fadeaway shot,2,0
-202,186,0,3PT Field Goal,Above the Break 3,Left Side Center(LC),24+ ft.,Pullup Jump shot,3,0
-159,188,0,3PT Field Goal,Above the Break 3,Left Side Center(LC),24+ ft.,Jump Shot,3,0
196,82,0,2PT Field Goal,Mid-Range,Right Side(R),16-24 ft.,Jump Shot,2,0
162,56,0,2PT Field Goal,Mid-Range,Right Side(R),16-24 ft.,Fadeaway Jump Shot,2,0
229,74,1,3PT Field Goal,Right Corner 3,Right Side(R),24+ ft.,Step Back Jump shot,3,3
-9,9,1,2PT Field Goal,Restricted Area,Center(C),Less Than 8 ft.,Cutting Dunk Shot,2,2
9,10,1,2PT Field Goal,Restricted Area,Center(C),Less Than 8 ft.,Running Dunk Shot,2,2
-134,211,0,3PT Field Goal,Above the Break 3,Left Side Center(LC),24+ ft.,Pullup Jump shot,3,0
-96,166,1,2PT Field Goal,Mid-Range,Left Side Center(LC),16-24 ft.,Pullup Jump shot,2,2
9,57,0,2PT Field Goal,In The Paint (Non-RA),Center(C),Less Than 8 ft.,Driving Layup Shot,2,0
-42,74,0,2PT Field Goal,In The Paint (Non-RA),Center(C),8-16 ft.,Fadeaway Jump Shot,2,0
-2,8,1,2PT Field Goal,Restricted Area,Center(C),Less Than 8 ft.,Driving Dunk Shot,2,2
-29,1,1,2PT Field Goal,Restricted Area,Center(C),Less Than 8 ft.,Cutting Layup Shot,2,2
-22,8,0,2PT Field Goal,Restricted Area,Center(C),Less Than 8 ft.,Driving Layup Shot,2,0
17,5,1,2PT Field Goal,Restricted Area,Center(C),Less Than 8 ft.,Driving Layup Shot,2,2
-96,229,0,3PT Field Goal,Above the Break 3,Left Side Center(LC),24+ ft.,Jump Shot,3,0
-34,11,0,2PT Field Goal,Restricted Area,Center(C),Less Than 8 ft.,Driving Layup Shot,2,0
8,-3,0,2PT Field Goal,Restricted Area,Center(C),Less Than 8 ft.,Tip Layup Shot,2,0
-29,17,1,2PT Field Goal,Restricted Area,Center(C),Less Than 8 ft.,Driving Layup Shot,2,2
0,57,1,2PT Field Goal,In The Paint (Non-RA),Center(C),Less Than 8 ft.,Driving Hook Shot,2,2
-25,18,1,2PT Field Goal,Restricted Area,Center(C),Less Than 8 ft.,Driving Layup Shot,2,2
12,11,0,2PT Field Goal,Restricted Area,Center(C),Less Than 8 ft.,Driving Layup Shot,2,0
6,8,1,2PT Field Goal,Restricted Area,Center(C),Less Than 8 ft.,Running Reverse Dunk Shot,2,2
-11,18,1,2PT Field Goal,Restricted Area,Center(C),Less Than 8 ft.,Driving Layup Shot,2,2
20,23,1,2PT Field Goal,Restricted Area,Center(C),Less Than 8 ft.,Driving Layup Shot,2,2
-230,28,0,3PT Field Goal,Left Corner 3,Left Side(L),24+ ft.,Running Jump Shot,3,0
-112,235,1,3PT Field Goal,Above the Break 3,Left Side Center(LC),24+ ft.,Jump Shot,3,3
11,264,1,3PT Field Goal,Above the Break 3,Center(C),24+ ft.,Jump Shot,3,3
-4,196,0,2PT Field Goal,Mid-Range,Center(C),16-24 ft.,Pullup Jump shot,2,0
142,74,1,2PT Field Goal,Mid-Range,Right Side(R),16-24 ft.,Turnaround Fadeaway Bank Jump Shot,2,2
-39,46,0,2PT Field Goal,In The Paint (Non-RA),Center(C),Less Than 8 ft.,Driving Floating Jump Shot,2,0
39,284,0,3PT Field Goal,Above the Break 3,Center(C),24+ ft.,Jump Shot,3,0
11,108,0,2PT Field Goal,In The Paint (Non-RA),Center(C),8-16 ft.,Turnaround Fadeaway shot,2,0
-29,55,1,2PT Field Goal,In The Paint (Non-RA),Center(C),Less Than 8 ft.,Turnaround Fadeaway shot,2,2
213,151,1,3PT Field Goal,Above the Break 3,Right Side Center(RC),24+ ft.,Pullup Jump shot,3,3
-120,69,1,2PT Field Goal,Mid-Range,Left Side(L),8-16 ft.,Turnaround Fadeaway shot,2,2
-164,224,1,3PT Field Goal,Above the Break 3,Left Side Center(LC),24+ ft.,Step Back Jump shot,3,3
-86,231,0,3PT Field Goal,Above the Break 3,Left Side Center(LC),24+ ft.,Running Pull-Up Jump Shot,3,0
-151,22,0,2PT Field Goal,Mid-Range,Left Side(L),8-16 ft.,Turnaround Fadeaway shot,2,0
-4,29,0,2PT Field Goal,Restricted Area,Center(C),Less Than 8 ft.,Driving Layup Shot,2,0
-135,141,0,2PT Field Goal,Mid-Range,Left Side Center(LC),16-24 ft.,Jump Shot,2,0
-213,125,1,3PT Field Goal,Above the Break 3,Left Side Center(LC),24+ ft.,Turnaround Jump Shot,3,3
-54,100,1,2PT Field Goal,In The Paint (Non-RA),Center(C),8-16 ft.,Driving Floating Jump Shot,2,2
-12,14,1,2PT Field Goal,Restricted Area,Center(C),Less Than 8 ft.,Driving Reverse Layup Shot,2,2
9,15,1,2PT Field Goal,Restricted Area,Center(C),Less Than 8 ft.,Reverse Layup Shot,2,2
-4,15,1,2PT Field Goal,Restricted Area,Center(C),Less Than 8 ft.,Running Alley Oop Dunk Shot,2,2
-135,230,0,3PT Field Goal,Above the Break 3,Left Side Center(LC),24+ ft.,Pullup Jump shot,3,0
-143,38,1,2PT Field Goal,Mid-Range,Left Side(L),8-16 ft.,Turnaround Fadeaway shot,2,2
-54,215,1,2PT Field Goal,Mid-Range,Center(C),16-24 ft.,Pullup Jump shot,2,2
-6,14,1,2PT Field Goal,Restricted Area,Center(C),Less Than 8 ft.,Running Reverse Dunk Shot,2,2
-6,7,1,2PT Field Goal,Restricted Area,Center(C),Less Than 8 ft.,Alley Oop Dunk Shot,2,2
123,130,1,2PT Field Goal,Mid-Range,Right Side Center(RC),16-24 ft.,Step Back Jump shot,2,2
-151,226,1,3PT Field Goal,Above the Break 3,Left Side Center(LC),24+ ft.,Running Pull-Up Jump Shot,3,3
-7,65,1,2PT Field Goal,In The Paint (Non-RA),Center(C),Less Than 8 ft.,Driving Floating Jump Shot,2,2
36,8,0,2PT Field Goal,Restricted Area,Center(C),Less Than 8 ft.,Running Layup Shot,2,0
-4,6,1,2PT Field Goal,Restricted Area,Center(C),Less Than 8 ft.,Running Dunk Shot,2,2
-9,16,1,2PT Field Goal,Restricted Area,Center(C),Less Than 8 ft.,Running Reverse Layup Shot,2,2
-153,32,1,2PT Field Goal,Mid-Range,Left Side(L),8-16 ft.,Turnaround Fadeaway shot,2,2
-45,205,0,2PT Field Goal,Mid-Range,Center(C),16-24 ft.,Jump Shot,2,0
179,200,0,3PT Field Goal,Above the Break 3,Right Side Center(RC),24+ ft.,Running Jump Shot,3,0
-116,247,1,3PT Field Goal,Above the Break 3,Left Side Center(LC),24+ ft.,Jump Shot,3,3
-228,55,1,3PT Field Goal,Left Corner 3,Left Side(L),24+ ft.,Jump Shot,3,3
114,40,0,2PT Field Goal,Mid-Range,Right Side(R),8-16 ft.,Turnaround Fadeaway shot,2,0
158,227,1,3PT Field Goal,Above the Break 3,Right Side Center(RC),24+ ft.,Pullup Jump shot,3,3
237,-11,0,3PT Field Goal,Right Corner 3,Right Side(R),24+ ft.,Fadeaway Jump Shot,3,0
173,176,0,3PT Field Goal,Above the Break 3,Right Side Center(RC),24+ ft.,Step Back Jump shot,3,0
7,-13,1,2PT Field Goal,Restricted Area,Center(C),Less Than 8 ft.,Running Layup Shot,2,2
-210,183,0,3PT Field Goal,Above the Break 3,Left Side Center(LC),24+ ft.,Jump Shot,3,0
-235,6,0,3PT Field Goal,Left Corner 3,Left Side(L),24+ ft.,Step Back Jump shot,3,0
-12,32,0,2PT Field Goal,Restricted Area,Center(C),Less Than 8 ft.,Cutting Finger Roll Layup Shot,2,0
38,33,0,2PT Field Goal,In The Paint (Non-RA),Center(C),Less Than 8 ft.,Running Layup Shot,2,0
-237,6,0,3PT Field Goal,Left Corner 3,Left Side(L),24+ ft.,Turnaround Jump Shot,3,0
97,252,0,3PT Field Goal,Above the Break 3,Right Side Center(RC),24+ ft.,Jump Shot,3,0
-4,9,1,2PT Field Goal,Restricted Area,Center(C),Less Than 8 ft.,Running Layup Shot,2,2
-134,38,0,2PT Field Goal,Mid-Range,Left Side(L),8-16 ft.,Turnaround Fadeaway shot,2,0
-11,16,1,2PT Field Goal,Restricted Area,Center(C),Less Than 8 ft.,Layup Shot,2,2
141,274,1,3PT Field Goal,Above the Break 3,Right Side Center(RC),24+ ft.,Pullup Jump shot,3,3
-170,198,0,3PT Field Goal,Above the Break 3,Left Side Center(LC),24+ ft.,Running Pull-Up Jump Shot,3,0
135,262,0,3PT Field Goal,Above the Break 3,Right Side Center(RC),24+ ft.,Jump Shot,3,0
24,88,1,2PT Field Goal,In The Paint (Non-RA),Center(C),8-16 ft.,Turnaround Fadeaway shot,2,2
55,92,1,2PT Field Goal,In The Paint (Non-RA),Right Side(R),8-16 ft.,Turnaround Fadeaway shot,2,2
14,8,1,2PT Field Goal,Restricted Area,Center(C),Less Than 8 ft.,Running Dunk Shot,2,2
142,314,0,3PT Field Goal,Above the Break 3,Right Side Center(RC),24+ ft.,Pullup Jump shot,3,0
120,8,0,2PT Field Goal,Mid-Range,Right Side(R),8-16 ft.,Fadeaway Jump Shot,2,0
-15,13,1,2PT Field Goal,Restricted Area,Center(C),Less Than 8 ft.,Cutting Layup Shot,2,2
-55,83,1,2PT Field Goal,In The Paint (Non-RA),Left Side(L),8-16 ft.,Driving Floating Jump Shot,2,2
-11,294,0,3PT Field Goal,Above the Break 3,Center(C),24+ ft.,Pullup Jump shot,3,0
4,81,1,2PT Field Goal,In The Paint (Non-RA),Center(C),8-16 ft.,Driving Floating Jump Shot,2,2
34,6,1,2PT Field Goal,Restricted Area,Center(C),Less Than 8 ft.,Driving Layup Shot,2,2
27,12,1,2PT Field Goal,Restricted Area,Center(C),Less Than 8 ft.,Driving Layup Shot,2,2
15,-1,1,2PT Field Goal,Restricted Area,Center(C),Less Than 8 ft.,Driving Layup Shot,2,2
12,41,1,2PT Field Goal,In The Paint (Non-RA),Center(C),Less Than 8 ft.,Running Layup Shot,2,2
-243,42,0,3PT Field Goal,Left Corner 3,Left Side(L),24+ ft.,Jump Shot,3,0
-102,245,0,3PT Field Goal,Above the Break 3,Left Side Center(LC),24+ ft.,Pullup Jump shot,3,0
-58,136,0,2PT Field Goal,In The Paint (Non-RA),Center(C),8-16 ft.,Turnaround Fadeaway shot,2,0
-83,25,1,2PT Field Goal,Mid-Range,Left Side(L),8-16 ft.,Driving Floating Jump Shot,2,2
-40,0,1,2PT Field Goal,In The Paint (Non-RA),Center(C),Less Than 8 ft.,Running Layup Shot,2,2
-5,8,1,2PT Field Goal,Restricted Area,Center(C),Less Than 8 ft.,Cutting Dunk Shot,2,2
-159,244,0,3PT Field Goal,Above the Break 3,Left Side Center(LC),24+ ft.,Jump Shot,3,0
156,214,1,3PT Field Goal,Above the Break 3,Right Side Center(RC),24+ ft.,Jump Shot,3,3
124,221,0,3PT Field Goal,Above the Break 3,Right Side Center(RC),24+ ft.,Step Back Jump shot,3,0
-17,8,1,2PT Field Goal,Restricted Area,Center(C),Less Than 8 ft.,Driving Layup Shot,2,2
-150,225,1,3PT Field Goal,Above the Break 3,Left Side Center(LC),24+ ft.,Jump Shot,3,3
-4,5,1,2PT Field Goal,Restricted Area,Center(C),Less Than 8 ft.,Running Layup Shot,2,2
148,222,0,3PT Field Goal,Above the Break 3,Right Side Center(RC),24+ ft.,Jump Shot,3,0
-2,8,1,2PT Field Goal,Restricted Area,Center(C),Less Than 8 ft.,Cutting Dunk Shot,2,2
-11,29,0,2PT Field Goal,Restricted Area,Center(C),Less Than 8 ft.,Driving Layup Shot,2,0
124,241,1,3PT Field Goal,Above the Break 3,Right Side Center(RC),24+ ft.,Jump Shot,3,3
22,110,1,2PT Field Goal,In The Paint (Non-RA),Center(C),8-16 ft.,Fadeaway Jump Shot,2,2
-121,8,0,2PT Field Goal,Mid-Range,Left Side(L),8-16 ft.,Fadeaway Jump Shot,2,0
-165,5,0,2PT Field Goal,Mid-Range,Left Side(L),16-24 ft.,Fadeaway Jump Shot,2,0
15,29,0,2PT Field Goal,Restricted Area,Center(C),Less Than 8 ft.,Driving Layup Shot,2,0
5,3,1,2PT Field Goal,Restricted Area,Center(C),Less Than 8 ft.,Running Dunk Shot,2,2
146,210,0,3PT Field Goal,Above the Break 3,Right Side Center(RC),24+ ft.,Running Pull-Up Jump Shot,3,0
5,9,1,2PT Field Goal,Restricted Area,Center(C),Less Than 8 ft.,Alley Oop Dunk Shot,2,2
-61,22,0,2PT Field Goal,In The Paint (Non-RA),Center(C),Less Than 8 ft.,Fadeaway Jump Shot,2,0
28,41,0,2PT Field Goal,In The Paint (Non-RA),Center(C),Less Than 8 ft.,Driving Layup Shot,2,0
7,22,1,2PT Field Goal,Restricted Area,Center(C),Less Than 8 ft.,Running Dunk Shot,2,2
-222,133,1,3PT Field Goal,Above the Break 3,Left Side Center(LC),24+ ft.,Jump Shot,3,3
-146,238,1,3PT Field Goal,Above the Break 3,Left Side Center(LC),24+ ft.,Step Back Jump shot,3,3
-233,-17,0,3PT Field Goal,Left Corner 3,Left Side(L),24+ ft.,Jump Shot,3,0
-165,-9,0,2PT Field Goal,Mid-Range,Left Side(L),16-24 ft.,Step Back Jump shot,2,0
2,27,1,2PT Field Goal,Restricted Area,Center(C),Less Than 8 ft.,Driving Reverse Layup Shot,2,2
-17,6,1,2PT Field Goal,Restricted Area,Center(C),Less Than 8 ft.,Reverse Layup Shot,2,2
-6,26,1,2PT Field Goal,Restricted Area,Center(C),Less Than 8 ft.,Running Layup Shot,2,2
32,36,0,2PT Field Goal,In The Paint (Non-RA),Center(C),Less Than 8 ft.,Driving Layup Shot,2,0
12,179,0,2PT Field Goal,Mid-Range,Center(C),16-24 ft.,Pullup Jump shot,2,0
-5,-6,1,2PT Field Goal,Restricted Area,Center(C),Less Than 8 ft.,Running Alley Oop Dunk Shot,2,2
-64,79,0,2PT Field Goal,In The Paint (Non-RA),Left Side(L),8-16 ft.,Fadeaway Jump Shot,2,0
150,216,0,3PT Field Goal,Above the Break 3,Right Side Center(RC),24+ ft.,Jump Shot,3,0
1,13,1,2PT Field Goal,Restricted Area,Center(C),Less Than 8 ft.,Driving Dunk Shot,2,2
-34,25,0,2PT Field Goal,In The Paint (Non-RA),Center(C),Less Than 8 ft.,Running Layup Shot,2,0
61,276,1,3PT Field Goal,Above the Break 3,Center(C),24+ ft.,Jump Shot,3,3
-6,8,1,2PT Field Goal,Restricted Area,Center(C),Less Than 8 ft.,Running Dunk Shot,2,2
-151,216,0,3PT Field Goal,Above the Break 3,Left Side Center(LC),24+ ft.,Jump Shot,3,0
138,222,1,3PT Field Goal,Above the Break 3,Right Side Center(RC),24+ ft.,Step Back Jump shot,3,3
103,231,0,3PT Field Goal,Above the Break 3,Right Side Center(RC),24+ ft.,Running Pull-Up Jump Shot,3,0
9,4,1,2PT Field Goal,Restricted Area,Center(C),Less Than 8 ft.,Driving Finger Roll Layup Shot,2,2
15,144,1,2PT Field Goal,Mid-Range,Center(C),8-16 ft.,Step Back Jump shot,2,2
45,136,0,2PT Field Goal,In The Paint (Non-RA),Center(C),8-16 ft.,Turnaround Fadeaway shot,2,0
-7,11,1,2PT Field Goal,Restricted Area,Center(C),Less Than 8 ft.,Driving Layup Shot,2,2
0,0,1,2PT Field Goal,Restricted Area,Center(C),Less Than 8 ft.,Putback Layup Shot,2,2
-194,178,0,3PT Field Goal,Above the Break 3,Left Side Center(LC),24+ ft.,Running Pull-Up Jump Shot,3,0
-142,217,0,3PT Field Goal,Above the Break 3,Left Side Center(LC),24+ ft.,Jump Shot,3,0
37,11,0,2PT Field Goal,Restricted Area,Center(C),Less Than 8 ft.,Driving Layup Shot,2,0
1,21,1,2PT Field Goal,Restricted Area,Center(C),Less Than 8 ft.,Alley Oop Dunk Shot,2,2
36,32,1,2PT Field Goal,In The Paint (Non-RA),Center(C),Less Than 8 ft.,Running Layup Shot,2,2
34,26,1,2PT Field Goal,In The Paint (Non-RA),Center(C),Less Than 8 ft.,Running Layup Shot,2,2
29,27,1,2PT Field Goal,Restricted Area,Center(C),Less Than 8 ft.,Running Layup Shot,2,2
153,210,0,3PT Field Goal,Above the Break 3,Right Side Center(RC),24+ ft.,Jump Shot,3,0
-20,65,0,2PT Field Goal,In The Paint (Non-RA),Center(C),Less Than 8 ft.,Driving Layup Shot,2,0
-69,20,0,2PT Field Goal,In The Paint (Non-RA),Center(C),Less Than 8 ft.,Fadeaway Jump Shot,2,0
-40,105,1,2PT Field Goal,In The Paint (Non-RA),Center(C),8-16 ft.,Driving Floating Jump Shot,2,2
92,65,0,2PT Field Goal,Mid-Range,Right Side(R),8-16 ft.,Pullup Jump shot,2,0
82,147,0,2PT Field Goal,Mid-Range,Right Side Center(RC),16-24 ft.,Turnaround Fadeaway shot,2,0
235,18,0,3PT Field Goal,Right Corner 3,Right Side(R),24+ ft.,Jump Shot,3,0
-229,11,0,3PT Field Goal,Left Corner 3,Left Side(L),24+ ft.,Pullup Jump shot,3,0
172,178,0,3PT Field Goal,Above the Break 3,Right Side Center(RC),24+ ft.,Jump Shot,3,0
-9,31,1,2PT Field Goal,Restricted Area,Center(C),Less Than 8 ft.,Driving Reverse Layup Shot,2,2
-17,246,0,3PT Field Goal,Above the Break 3,Center(C),24+ ft.,Pullup Jump shot,3,0
37,11,1,2PT Field Goal,Restricted Area,Center(C),Less Than 8 ft.,Running Layup Shot,2,2
-27,24,1,2PT Field Goal,Restricted Area,Center(C),Less Than 8 ft.,Driving Layup Shot,2,2
17,24,1,2PT Field Goal,Restricted Area,Center(C),Less Than 8 ft.,Driving Layup Shot,2,2
-34,27,0,2PT Field Goal,In The Paint (Non-RA),Center(C),Less Than 8 ft.,Running Layup Shot,2,0
-5,15,1,2PT Field Goal,Restricted Area,Center(C),Less Than 8 ft.,Running Dunk Shot,2,2
23,36,0,2PT Field Goal,In The Paint (Non-RA),Center(C),Less Than 8 ft.,Driving Layup Shot,2,0
-165,237,0,3PT Field Goal,Above the Break 3,Left Side Center(LC),24+ ft.,Jump Shot,3,0
-22,38,1,2PT Field Goal,In The Paint (Non-RA),Center(C),Less Than 8 ft.,Driving Layup Shot,2,2
146,104,0,2PT Field Goal,Mid-Range,Right Side(R),16-24 ft.,Turnaround Fadeaway shot,2,0
9,14,1,2PT Field Goal,Restricted Area,Center(C),Less Than 8 ft.,Running Layup Shot,2,2
-17,3,1,2PT Field Goal,Restricted Area,Center(C),Less Than 8 ft.,Running Reverse Layup Shot,2,2
6,8,1,2PT Field Goal,Restricted Area,Center(C),Less Than 8 ft.,Running Layup Shot,2,2
2,4,1,2PT Field Goal,Restricted Area,Center(C),Less Than 8 ft.,Cutting Layup Shot,2,2
-224,153,1,3PT Field Goal,Above the Break 3,Left Side Center(LC),24+ ft.,Jump Shot,3,3
18,148,0,2PT Field Goal,Mid-Range,Center(C),8-16 ft.,Turnaround Fadeaway shot,2,0
-33,27,0,2PT Field Goal,In The Paint (Non-RA),Center(C),Less Than 8 ft.,Driving Layup Shot,2,0
-25,34,0,2PT Field Goal,In The Paint (Non-RA),Center(C),Less Than 8 ft.,Driving Layup Shot,2,0
-74,34,1,2PT Field Goal,In The Paint (Non-RA),Left Side(L),8-16 ft.,Pullup Jump shot,2,2
163,218,0,3PT Field Goal,Above the Break 3,Right Side Center(RC),24+ ft.,Fadeaway Jump Shot,3,0
229,31,1,3PT Field Goal,Right Corner 3,Right Side(R),24+ ft.,Jump Shot,3,3
-10,10,1,2PT Field Goal,Restricted Area,Center(C),Less Than 8 ft.,Running Dunk Shot,2,2
-6,7,1,2PT Field Goal,Restricted Area,Center(C),Less Than 8 ft.,Driving Layup Shot,2,2
223,117,1,3PT Field Goal,Above the Break 3,Right Side Center(RC),24+ ft.,Jump Shot,3,3
134,230,0,3PT Field Goal,Above the Break 3,Right Side Center(RC),24+ ft.,Running Jump Shot,3,0
-169,52,1,2PT Field Goal,Mid-Range,Left Side(L),16-24 ft.,Turnaround Fadeaway shot,2,2
16,32,0,2PT Field Goal,Restricted Area,Center(C),Less Than 8 ft.,Running Layup Shot,2,0
-156,8,0,2PT Field Goal,Mid-Range,Left Side(L),8-16 ft.,Fadeaway Jump Shot,2,0
-131,81,0,2PT Field Goal,Mid-Range,Left Side(L),8-16 ft.,Turnaround Fadeaway shot,2,0
13,273,1,3PT Field Goal,Above the Break 3,Center(C),24+ ft.,Pullup Jump shot,3,3
51,269,0,3PT Field Goal,Above the Break 3,Center(C),24+ ft.,Jump Shot,3,0
-6,25,0,2PT Field Goal,Restricted Area,Center(C),Less Than 8 ft.,Running Reverse Layup Shot,2,0
-234,126,1,3PT Field Goal,Above the Break 3,Left Side Center(LC),24+ ft.,Jump Shot,3,3
7,20,1,2PT Field Goal,Restricted Area,Center(C),Less Than 8 ft.,Running Layup Shot,2,2
-2,37,1,2PT Field Goal,Restricted Area,Center(C),Less Than 8 ft.,Driving Floating Jump Shot,2,2
0,63,0,2PT Field Goal,In The Paint (Non-RA),Center(C),Less Than 8 ft.,Driving Floating Jump Shot,2,0
25,87,0,2PT Field Goal,In The Paint (Non-RA),Center(C),8-16 ft.,Driving Layup Shot,2,0
-4,26,1,2PT Field Goal,Restricted Area,Center(C),Less Than 8 ft.,Running Layup Shot,2,2
-42,21,1,2PT Field Goal,In The Paint (Non-RA),Center(C),Less Than 8 ft.,Driving Layup Shot,2,2
5,35,1,2PT Field Goal,Restricted Area,Center(C),Less Than 8 ft.,Running Layup Shot,2,2
-26,51,1,2PT Field Goal,In The Paint (Non-RA),Center(C),Less Than 8 ft.,Running Pull-Up Jump Shot,2,2
25,278,0,3PT Field Goal,Above the Break 3,Center(C),24+ ft.,Pullup Jump shot,3,0
-20,9,0,2PT Field Goal,Restricted Area,Center(C),Less Than 8 ft.,Running Reverse Layup Shot,2,0
-6,50,0,2PT Field Goal,In The Paint (Non-RA),Center(C),Less Than 8 ft.,Driving Dunk Shot,2,0
-115,32,0,2PT Field Goal,Mid-Range,Left Side(L),8-16 ft.,Fadeaway Jump Shot,2,0
-86,180,0,2PT Field Goal,Mid-Range,Left Side Center(LC),16-24 ft.,Turnaround Fadeaway shot,2,0
44,27,0,2PT Field Goal,In The Paint (Non-RA),Center(C),Less Than 8 ft.,Pullup Jump shot,2,0
-7,5,1,2PT Field Goal,Restricted Area,Center(C),Less Than 8 ft.,Driving Layup Shot,2,2
2,220,0,2PT Field Goal,Mid-Range,Center(C),16-24 ft.,Pullup Jump shot,2,0
-132,225,0,3PT Field Goal,Above the Break 3,Left Side Center(LC),24+ ft.,Jump Shot,3,0
7,-1,1,2PT Field Goal,Restricted Area,Center(C),Less Than 8 ft.,Driving Layup Shot,2,2
-5,-4,1,2PT Field Goal,Restricted Area,Center(C),Less Than 8 ft.,Driving Dunk Shot,2,2
-86,132,0,2PT Field Goal,Mid-Range,Left Side(L),8-16 ft.,Fadeaway Jump Shot,2,0
-7,-1,0,2PT Field Goal,Restricted Area,Center(C),Less Than 8 ft.,Driving Layup Shot,2,0
-120,39,1,2PT Field Goal,Mid-Range,Left Side(L),8-16 ft.,Fadeaway Jump Shot,2,2
-126,309,0,3PT Field Goal,Above the Break 3,Left Side Center(LC),24+ ft.,Pullup Jump shot,3,0
-4,17,1,2PT Field Goal,Restricted Area,Center(C),Less Than 8 ft.,Driving Finger Roll Layup Shot,2,2
-156,214,1,3PT Field Goal,Above the Break 3,Left Side Center(LC),24+ ft.,Jump Shot,3,3
-192,123,1,2PT Field Goal,Mid-Range,Left Side(L),16-24 ft.,Jump Shot,2,2
-103,189,0,2PT Field Goal,Mid-Range,Left Side Center(LC),16-24 ft.,Jump Shot,2,0
-138,231,0,3PT Field Goal,Above the Break 3,Left Side Center(LC),24+ ft.,Pullup Jump shot,3,0
145,217,1,3PT Field Goal,Above the Break 3,Right Side Center(RC),24+ ft.,Jump Shot,3,3
-110,35,1,2PT Field Goal,Mid-Range,Left Side(L),8-16 ft.,Turnaround Fadeaway shot,2,2
115,244,0,3PT Field Goal,Above the Break 3,Right Side Center(RC),24+ ft.,Pullup Jump shot,3,0
-10,4,1,2PT Field Goal,Restricted Area,Center(C),Less Than 8 ft.,Driving Floating Jump Shot,2,2
5,27,0,2PT Field Goal,Restricted Area,Center(C),Less Than 8 ft.,Driving Reverse Layup Shot,2,0
6,36,1,2PT Field Goal,Restricted Area,Center(C),Less Than 8 ft.,Driving Finger Roll Layup Shot,2,2
9,42,1,2PT Field Goal,In The Paint (Non-RA),Center(C),Less Than 8 ft.,Running Layup Shot,2,2
121,216,1,3PT Field Goal,Above the Break 3,Right Side Center(RC),24+ ft.,Pullup Jump shot,3,3
-26,14,1,2PT Field Goal,Restricted Area,Center(C),Less Than 8 ft.,Driving Reverse Layup Shot,2,2
-48,93,1,2PT Field Goal,In The Paint (Non-RA),Center(C),8-16 ft.,Pullup Jump shot,2,2
-158,41,0,2PT Field Goal,Mid-Range,Left Side(L),16-24 ft.,Turnaround Fadeaway shot,2,0
36,96,0,2PT Field Goal,In The Paint (Non-RA),Center(C),8-16 ft.,Driving Floating Jump Shot,2,0
-10,143,0,2PT Field Goal,Mid-Range,Center(C),8-16 ft.,Fadeaway Jump Shot,2,0
76,87,0,2PT Field Goal,In The Paint (Non-RA),Right Side(R),8-16 ft.,Driving Floating Bank Jump Shot,2,0
-148,19,0,2PT Field Goal,Mid-Range,Left Side(L),8-16 ft.,Turnaround Fadeaway shot,2,0
-4,13,0,2PT Field Goal,Restricted Area,Center(C),Less Than 8 ft.,Driving Finger Roll Layup Shot,2,0
137,32,1,2PT Field Goal,Mid-Range,Right Side(R),8-16 ft.,Fadeaway Jump Shot,2,2
-129,37,1,2PT Field Goal,Mid-Range,Left Side(L),8-16 ft.,Turnaround Fadeaway shot,2,2
2,0,1,2PT Field Goal,Restricted Area,Center(C),Less Than 8 ft.,Running Dunk Shot,2,2
-18,32,0,2PT Field Goal,Restricted Area,Center(C),Less Than 8 ft.,Driving Layup Shot,2,0
1,12,1,2PT Field Goal,Restricted Area,Center(C),Less Than 8 ft.,Running Layup Shot,2,2
-21,-1,1,2PT Field Goal,Restricted Area,Center(C),Less Than 8 ft.,Running Layup Shot,2,2
47,189,0,2PT Field Goal,Mid-Range,Center(C),16-24 ft.,Jump Shot,2,0
-69,251,1,3PT Field Goal,Above the Break 3,Center(C),24+ ft.,Running Pull-Up Jump Shot,3,3
-16,10,1,2PT Field Goal,Restricted Area,Center(C),Less Than 8 ft.,Driving Finger Roll Layup Shot,2,2
116,84,0,2PT Field Goal,Mid-Range,Right Side(R),8-16 ft.,Turnaround Fadeaway shot,2,0
17,59,0,2PT Field Goal,In The Paint (Non-RA),Center(C),Less Than 8 ft.,Driving Layup Shot,2,0
-7,18,0,2PT Field Goal,Restricted Area,Center(C),Less Than 8 ft.,Cutting Layup Shot,2,0
0,11,1,2PT Field Goal,Restricted Area,Center(C),Less Than 8 ft.,Cutting Dunk Shot,2,2
-61,79,0,2PT Field Goal,In The Paint (Non-RA),Left Side(L),8-16 ft.,Fadeaway Jump Shot,2,0
44,122,1,2PT Field Goal,In The Paint (Non-RA),Center(C),8-16 ft.,Pullup Jump shot,2,2
-86,255,0,3PT Field Goal,Above the Break 3,Left Side Center(LC),24+ ft.,Jump Shot,3,0
-11,57,0,2PT Field Goal,In The Paint (Non-RA),Center(C),Less Than 8 ft.,Pullup Jump shot,2,0
77,79,1,2PT Field Goal,In The Paint (Non-RA),Right Side(R),8-16 ft.,Fadeaway Jump Shot,2,2
-26,103,0,2PT Field Goal,In The Paint (Non-RA),Center(C),8-16 ft.,Fadeaway Jump Shot,2,0
-9,32,1,2PT Field Goal,Restricted Area,Center(C),Less Than 8 ft.,Driving Layup Shot,2,2
6,268,0,3PT Field Goal,Above the Break 3,Center(C),24+ ft.,Running Pull-Up Jump Shot,3,0
33,29,0,2PT Field Goal,In The Paint (Non-RA),Center(C),Less Than 8 ft.,Driving Hook Shot,2,0
-10,116,0,2PT Field Goal,In The Paint (Non-RA),Center(C),8-16 ft.,Floating Jump shot,2,0
53,194,0,2PT Field Goal,Mid-Range,Center(C),16-24 ft.,Fadeaway Jump Shot,2,0
11,256,1,3PT Field Goal,Above the Break 3,Center(C),24+ ft.,Jump Shot,3,3
-129,244,0,3PT Field Goal,Above the Break 3,Left Side Center(LC),24+ ft.,Step Back Jump shot,3,0
-5,18,1,2PT Field Goal,Restricted Area,Center(C),Less Than 8 ft.,Running Dunk Shot,2,2
-20,20,1,2PT Field Goal,Restricted Area,Center(C),Less Than 8 ft.,Driving Layup Shot,2,2
0,29,1,2PT Field Goal,Restricted Area,Center(C),Less Than 8 ft.,Running Finger Roll Layup Shot,2,2
170,144,0,2PT Field Goal,Mid-Range,Right Side Center(RC),16-24 ft.,Jump Shot,2,0
2,28,1,2PT Field Goal,Restricted Area,Center(C),Less Than 8 ft.,Driving Dunk Shot,2,2
-27,21,1,2PT Field Goal,Restricted Area,Center(C),Less Than 8 ft.,Driving Layup Shot,2,2
-75,51,1,2PT Field Goal,In The Paint (Non-RA),Left Side(L),8-16 ft.,Fadeaway Jump Shot,2,2
-125,59,0,2PT Field Goal,Mid-Range,Left Side(L),8-16 ft.,Turnaround Fadeaway shot,2,0
151,232,0,3PT Field Goal,Above the Break 3,Right Side Center(RC),24+ ft.,Jump Shot,3,0
10,15,0,2PT Field Goal,Restricted Area,Center(C),Less Than 8 ft.,Alley Oop Dunk Shot,2,0
0,0,1,2PT Field Goal,Restricted Area,Center(C),Less Than 8 ft.,Putback Layup Shot,2,2
-81,173,1,2PT Field Goal,Mid-Range,Left Side Center(LC),16-24 ft.,Pullup Jump shot,2,2
56,17,0,2PT Field Goal,In The Paint (Non-RA),Center(C),Less Than 8 ft.,Driving Layup Shot,2,0
34,62,0,2PT Field Goal,In The Paint (Non-RA),Center(C),Less Than 8 ft.,Running Pull-Up Jump Shot,2,0
45,251,0,3PT Field Goal,Above the Break 3,Center(C),24+ ft.,Pullup Jump shot,3,0
-13,15,0,2PT Field Goal,Restricted Area,Center(C),Less Than 8 ft.,Running Layup Shot,2,0
7,22,0,2PT Field Goal,Restricted Area,Center(C),Less Than 8 ft.,Driving Layup Shot,2,0
229,17,1,3PT Field Goal,Right Corner 3,Right Side(R),24+ ft.,Jump Shot,3,3
15,7,1,2PT Field Goal,Restricted Area,Center(C),Less Than 8 ft.,Driving Finger Roll Layup Shot,2,2
9,13,1,2PT Field Goal,Restricted Area,Center(C),Less Than 8 ft.,Running Dunk Shot,2,2
-15,18,1,2PT Field Goal,Restricted Area,Center(C),Less Than 8 ft.,Cutting Layup Shot,2,2
0,0,1,2PT Field Goal,Restricted Area,Center(C),Less Than 8 ft.,Tip Layup Shot,2,2
67,-6,1,2PT Field Goal,In The Paint (Non-RA),Center(C),Less Than 8 ft.,Fadeaway Jump Shot,2,2
188,43,0,2PT Field Goal,Mid-Range,Right Side(R),16-24 ft.,Fadeaway Jump Shot,2,0
17,0,1,2PT Field Goal,Restricted Area,Center(C),Less Than 8 ft.,Running Layup Shot,2,2
6,12,1,2PT Field Goal,Restricted Area,Center(C),Less Than 8 ft.,Running Dunk Shot,2,2
-108,168,0,2PT Field Goal,Mid-Range,Left Side Center(LC),16-24 ft.,Pullup Jump shot,2,0
0,6,1,2PT Field Goal,Restricted Area,Center(C),Less Than 8 ft.,Driving Layup Shot,2,2
-140,210,1,3PT Field Goal,Above the Break 3,Left Side Center(LC),24+ ft.,Jump Shot,3,3
12,10,1,2PT Field Goal,Restricted Area,Center(C),Less Than 8 ft.,Running Layup Shot,2,2
47,152,1,2PT Field Goal,Mid-Range,Center(C),8-16 ft.,Pullup Jump shot,2,2
-183,181,0,3PT Field Goal,Above the Break 3,Left Side Center(LC),24+ ft.,Running Pull-Up Jump Shot,3,0
-38,90,0,2PT Field Goal,In The Paint (Non-RA),Center(C),8-16 ft.,Turnaround Hook Shot,2,0
18,2,1,2PT Field Goal,Restricted Area,Center(C),Less Than 8 ft.,Driving Layup Shot,2,2
20,0,1,2PT Field Goal,Restricted Area,Center(C),Less Than 8 ft.,Running Dunk Shot,2,2
154,36,0,2PT Field Goal,Mid-Range,Right Side(R),8-16 ft.,Turnaround Fadeaway shot,2,0
-72,263,0,3PT Field Goal,Above the Break 3,Center(C),24+ ft.,Pullup Jump shot,3,0
-237,85,0,3PT Field Goal,Left Corner 3,Left Side(L),24+ ft.,Step Back Jump shot,3,0
-137,1,0,2PT Field Goal,Mid-Range,Left Side(L),8-16 ft.,Turnaround Fadeaway shot,2,0
4,9,0,2PT Field Goal,Restricted Area,Center(C),Less Than 8 ft.,Driving Layup Shot,2,0
-31,82,0,2PT Field Goal,In The Paint (Non-RA),Center(C),8-16 ft.,Fadeaway Jump Shot,2,0
2,9,0,2PT Field Goal,Restricted Area,Center(C),Less Than 8 ft.,Driving Finger Roll Layup Shot,2,0
23,19,1,2PT Field Goal,Restricted Area,Center(C),Less Than 8 ft.,Running Dunk Shot,2,2
13,9,1,2PT Field Goal,Restricted Area,Center(C),Less Than 8 ft.,Running Layup Shot,2,2
225,-6,0,3PT Field Goal,Right Corner 3,Right Side(R),24+ ft.,Jump Shot,3,0
-227,56,0,3PT Field Goal,Left Corner 3,Left Side(L),24+ ft.,Jump Shot,3,0
62,67,0,2PT Field Goal,In The Paint (Non-RA),Right Side(R),8-16 ft.,Turnaround Fadeaway shot,2,0
-75,105,0,2PT Field Goal,In The Paint (Non-RA),Left Side(L),8-16 ft.,Running Pull-Up Jump Shot,2,0
5,11,1,2PT Field Goal,Restricted Area,Center(C),Less Than 8 ft.,Running Layup Shot,2,2
-208,160,0,3PT Field Goal,Above the Break 3,Left Side Center(LC),24+ ft.,Jump Shot,3,0
-40,67,0,2PT Field Goal,In The Paint (Non-RA),Center(C),Less Than 8 ft.,Driving Layup Shot,2,0
-28,10,0,2PT Field Goal,Restricted Area,Center(C),Less Than 8 ft.,Driving Layup Shot,2,0
-15,-11,0,2PT Field Goal,Restricted Area,Center(C),Less Than 8 ft.,Running Reverse Layup Shot,2,0
-186,187,1,3PT Field Goal,Above the Break 3,Left Side Center(LC),24+ ft.,Pullup Jump shot,3,3
-11,5,1,2PT Field Goal,Restricted Area,Center(C),Less Than 8 ft.,Running Layup Shot,2,2
55,6,0,2PT Field Goal,In The Paint (Non-RA),Center(C),Less Than 8 ft.,Driving Layup Shot,2,0
151,94,1,2PT Field Goal,Mid-Range,Right Side(R),16-24 ft.,Fadeaway Jump Shot,2,2
154,197,1,3PT Field Goal,Above the Break 3,Right Side Center(RC),24+ ft.,Jump Shot,3,3
31,-10,0,2PT Field Goal,Restricted Area,Center(C),Less Than 8 ft.,Driving Layup Shot,2,0
-113,41,1,2PT Field Goal,Mid-Range,Left Side(L),8-16 ft.,Fadeaway Jump Shot,2,2
-17,9,1,2PT Field Goal,Restricted Area,Center(C),Less Than 8 ft.,Alley Oop Dunk Shot,2,2
-13,8,0,2PT Field Goal,Restricted Area,Center(C),Less Than 8 ft.,Running Finger Roll Layup Shot,2,0
13,16,0,2PT Field Goal,Restricted Area,Center(C),Less Than 8 ft.,Driving Finger Roll Layup Shot,2,0
12,13,1,2PT Field Goal,Restricted Area,Center(C),Less Than 8 ft.,Alley Oop Dunk Shot,2,2
-138,43,0,2PT Field Goal,Mid-Range,Left Side(L),8-16 ft.,Turnaround Fadeaway shot,2,0
-7,17,1,2PT Field Goal,Restricted Area,Center(C),Less Than 8 ft.,Driving Dunk Shot,2,2
-125,275,0,3PT Field Goal,Above the Break 3,Left Side Center(LC),24+ ft.,Jump Shot,3,0
96,252,1,3PT Field Goal,Above the Break 3,Right Side Center(RC),24+ ft.,Jump Shot,3,3
-92,46,0,2PT Field Goal,Mid-Range,Left Side(L),8-16 ft.,Fadeaway Jump Shot,2,0
1,6,1,2PT Field Goal,Restricted Area,Center(C),Less Than 8 ft.,Cutting Finger Roll Layup Shot,2,2
237,37,0,3PT Field Goal,Right Corner 3,Right Side(R),24+ ft.,Jump Shot,3,0
-7,153,1,2PT Field Goal,Mid-Range,Center(C),8-16 ft.,Fadeaway Jump Shot,2,2
130,129,1,2PT Field Goal,Mid-Range,Right Side Center(RC),16-24 ft.,Fadeaway Jump Shot,2,2
-228,-8,0,3PT Field Goal,Left Corner 3,Left Side(L),24+ ft.,Jump Shot,3,0
-2,1,1,2PT Field Goal,Restricted Area,Center(C),Less Than 8 ft.,Running Alley Oop Dunk Shot,2,2
-4,26,0,2PT Field Goal,Restricted Area,Center(C),Less Than 8 ft.,Driving Floating Bank Jump Shot,2,0
-102,69,1,2PT Field Goal,Mid-Range,Left Side(L),8-16 ft.,Driving Floating Bank Jump Shot,2,2
-152,215,1,3PT Field Goal,Above the Break 3,Left Side Center(LC),24+ ft.,Step Back Jump shot,3,3
-37,310,0,3PT Field Goal,Above the Break 3,Center(C),24+ ft.,Pullup Jump shot,3,0
-23,54,1,2PT Field Goal,In The Paint (Non-RA),Center(C),Less Than 8 ft.,Driving Floating Jump Shot,2,2
188,157,0,3PT Field Goal,Above the Break 3,Right Side Center(RC),24+ ft.,Running Pull-Up Jump Shot,3,0
2,7,1,2PT Field Goal,Restricted Area,Center(C),Less Than 8 ft.,Driving Dunk Shot,2,2
-123,73,1,2PT Field Goal,Mid-Range,Left Side(L),8-16 ft.,Turnaround Fadeaway shot,2,2
16,43,1,2PT Field Goal,In The Paint (Non-RA),Center(C),Less Than 8 ft.,Turnaround Jump Shot,2,2
-1,341,0,3PT Field Goal,Above the Break 3,Center(C),24+ ft.,Running Pull-Up Jump Shot,3,0
-16,-1,0,2PT Field Goal,Restricted Area,Center(C),Less Than 8 ft.,Running Layup Shot,2,0
6,8,1,2PT Field Goal,Restricted Area,Center(C),Less Than 8 ft.,Driving Layup Shot,2,2
-6,3,1,2PT Field Goal,Restricted Area,Center(C),Less Than 8 ft.,Running Dunk Shot,2,2
5,10,1,2PT Field Goal,Restricted Area,Center(C),Less Than 8 ft.,Running Dunk Shot,2,2
1,1,0,2PT Field Goal,Restricted Area,Center(C),Less Than 8 ft.,Running Alley Oop Dunk Shot,2,0
92,-7,1,2PT Field Goal,Mid-Range,Right Side(R),8-16 ft.,Turnaround Fadeaway shot,2,2
127,240,0,3PT Field Goal,Above the Break 3,Right Side Center(RC),24+ ft.,Step Back Jump shot,3,0
-31,6,0,2PT Field Goal,Restricted Area,Center(C),Less Than 8 ft.,Driving Layup Shot,2,0
21,259,0,3PT Field Goal,Above the Break 3,Center(C),24+ ft.,Jump Shot,3,0
13,8,1,2PT Field Goal,Restricted Area,Center(C),Less Than 8 ft.,Driving Layup Shot,2,2
11,22,1,2PT Field Goal,Restricted Area,Center(C),Less Than 8 ft.,Running Dunk Shot,2,2
-12,2,1,2PT Field Goal,Restricted Area,Center(C),Less Than 8 ft.,Driving Layup Shot,2,2
2,-3,1,2PT Field Goal,Restricted Area,Center(C),Less Than 8 ft.,Running Layup Shot,2,2
141,171,0,2PT Field Goal,Mid-Range,Right Side Center(RC),16-24 ft.,Step Back Jump shot,2,0
-145,221,0,3PT Field Goal,Above the Break 3,Left Side Center(LC),24+ ft.,Pullup Jump shot,3,0
-229,-5,0,3PT Field Goal,Left Corner 3,Left Side(L),24+ ft.,Fadeaway Jump Shot,3,0
1,25,0,2PT Field Goal,Restricted Area,Center(C),Less Than 8 ft.,Driving Floating Bank Jump Shot,2,0
-7,19,1,2PT Field Goal,Restricted Area,Center(C),Less Than 8 ft.,Running Dunk Shot,2,2
-6,31,0,2PT Field Goal,Restricted Area,Center(C),Less Than 8 ft.,Driving Layup Shot,2,0
-62,285,0,3PT Field Goal,Above the Break 3,Center(C),24+ ft.,Pullup Jump shot,3,0
-109,126,0,2PT Field Goal,Mid-Range,Left Side Center(LC),16-24 ft.,Fadeaway Jump Shot,2,0
15,25,1,2PT Field Goal,Restricted Area,Center(C),Less Than 8 ft.,Running Layup Shot,2,2
-27,130,0,2PT Field Goal,In The Paint (Non-RA),Center(C),8-16 ft.,Fadeaway Jump Shot,2,0
-6,25,1,2PT Field Goal,Restricted Area,Center(C),Less Than 8 ft.,Finger Roll Layup Shot,2,2
146,76,0,2PT Field Goal,Mid-Range,Right Side(R),16-24 ft.,Fadeaway Jump Shot,2,0
-11,27,1,2PT Field Goal,Restricted Area,Center(C),Less Than 8 ft.,Cutting Layup Shot,2,2
5,16,1,2PT Field Goal,Restricted Area,Center(C),Less Than 8 ft.,Running Layup Shot,2,2
-70,27,0,2PT Field Goal,In The Paint (Non-RA),Center(C),Less Than 8 ft.,Fadeaway Jump Shot,2,0
-15,26,1,2PT Field Goal,Restricted Area,Center(C),Less Than 8 ft.,Alley Oop Dunk Shot,2,2
-13,32,1,2PT Field Goal,Restricted Area,Center(C),Less Than 8 ft.,Driving Dunk Shot,2,2
12,259,0,3PT Field Goal,Above the Break 3,Center(C),24+ ft.,Jump Shot,3,0
-16,12,1,2PT Field Goal,Restricted Area,Center(C),Less Than 8 ft.,Driving Layup Shot,2,2
98,179,0,2PT Field Goal,Mid-Range,Right Side Center(RC),16-24 ft.,Running Pull-Up Jump Shot,2,0
107,46,1,2PT Field Goal,Mid-Range,Right Side(R),8-16 ft.,Turnaround Fadeaway Bank Jump Shot,2,2
81,149,0,2PT Field Goal,Mid-Range,Right Side Center(RC),16-24 ft.,Fadeaway Jump Shot,2,0
12,272,0,3PT Field Goal,Above the Break 3,Center(C),24+ ft.,Running Pull-Up Jump Shot,3,0
-116,12,0,2PT Field Goal,Mid-Range,Left Side(L),8-16 ft.,Pullup Jump shot,2,0
-102,170,0,2PT Field Goal,Mid-Range,Left Side Center(LC),16-24 ft.,Step Back Jump shot,2,0
78,252,1,3PT Field Goal,Above the Break 3,Center(C),24+ ft.,Jump Shot,3,3
-7,20,1,2PT Field Goal,Restricted Area,Center(C),Less Than 8 ft.,Driving Layup Shot,2,2
-22,42,1,2PT Field Goal,In The Paint (Non-RA),Center(C),Less Than 8 ft.,Running Pull-Up Jump Shot,2,2
-120,257,1,3PT Field Goal,Above the Break 3,Left Side Center(LC),24+ ft.,Jump Shot,3,3
153,215,0,3PT Field Goal,Above the Break 3,Right Side Center(RC),24+ ft.,Jump Shot,3,0
241,13,0,3PT Field Goal,Right Corner 3,Right Side(R),24+ ft.,Jump Shot,3,0
-132,147,0,2PT Field Goal,Mid-Range,Left Side Center(LC),16-24 ft.,Turnaround Fadeaway shot,2,0
49,137,0,2PT Field Goal,In The Paint (Non-RA),Center(C),8-16 ft.,Turnaround Jump Shot,2,0
62,260,0,3PT Field Goal,Above the Break 3,Center(C),24+ ft.,Pullup Jump shot,3,0
-72,76,1,2PT Field Goal,In The Paint (Non-RA),Left Side(L),8-16 ft.,Driving Floating Jump Shot,2,2
-158,57,1,2PT Field Goal,Mid-Range,Left Side(L),16-24 ft.,Fadeaway Jump Shot,2,2
87,141,1,2PT Field Goal,Mid-Range,Right Side Center(RC),16-24 ft.,Pullup Jump shot,2,2
-130,220,0,3PT Field Goal,Above the Break 3,Left Side Center(LC),24+ ft.,Pullup Jump shot,3,0
-185,172,0,3PT Field Goal,Above the Break 3,Left Side Center(LC),24+ ft.,Jump Shot,3,0
-11,1,1,2PT Field Goal,Restricted Area,Center(C),Less Than 8 ft.,Running Dunk Shot,2,2
-64,50,0,2PT Field Goal,In The Paint (Non-RA),Left Side(L),8-16 ft.,Driving Bank Hook Shot,2,0
-11,6,1,2PT Field Goal,Restricted Area,Center(C),Less Than 8 ft.,Driving Layup Shot,2,2
-31,6,1,2PT Field Goal,Restricted Area,Center(C),Less Than 8 ft.,Driving Layup Shot,2,2
148,84,0,2PT Field Goal,Mid-Range,Right Side(R),16-24 ft.,Jump Bank Shot,2,0
113,70,1,2PT Field Goal,Mid-Range,Right Side(R),8-16 ft.,Turnaround Fadeaway shot,2,2
-40,151,0,2PT Field Goal,Mid-Range,Center(C),8-16 ft.,Pullup Jump shot,2,0
105,226,0,3PT Field Goal,Above the Break 3,Right Side Center(RC),24+ ft.,Jump Shot,3,0
-40,21,0,2PT Field Goal,In The Paint (Non-RA),Center(C),Less Than 8 ft.,Driving Layup Shot,2,0
-15,10,1,2PT Field Goal,Restricted Area,Center(C),Less Than 8 ft.,Layup Shot,2,2
1,0,1,2PT Field Goal,Restricted Area,Center(C),Less Than 8 ft.,Cutting Dunk Shot,2,2
233,37,0,3PT Field Goal,Right Corner 3,Right Side(R),24+ ft.,Jump Shot,3,0
119,85,1,2PT Field Goal,Mid-Range,Right Side(R),8-16 ft.,Fadeaway Bank shot,2,2
-148,236,1,3PT Field Goal,Above the Break 3,Left Side Center(LC),24+ ft.,Jump Shot,3,3
-85,285,1,3PT Field Goal,Above the Break 3,Center(C),24+ ft.,Running Pull-Up Jump Shot,3,3
172,211,0,3PT Field Goal,Above the Break 3,Right Side Center(RC),24+ ft.,Jump Shot,3,0
60,11,1,2PT Field Goal,In The Paint (Non-RA),Center(C),Less Than 8 ft.,Running Layup Shot,2,2
-5,13,1,2PT Field Goal,Restricted Area,Center(C),Less Than 8 ft.,Running Layup Shot,2,2
-232,21,0,3PT Field Goal,Left Corner 3,Left Side(L),24+ ft.,Jump Shot,3,0
-29,30,1,2PT Field Goal,In The Paint (Non-RA),Center(C),Less Than 8 ft.,Driving Layup Shot,2,2
239,67,0,3PT Field Goal,Right Corner 3,Right Side(R),24+ ft.,Jump Shot,3,0
34,22,0,2PT Field Goal,In The Paint (Non-RA),Center(C),Less Than 8 ft.,Alley Oop Layup shot,2,0
10,100,0,2PT Field Goal,In The Paint (Non-RA),Center(C),8-16 ft.,Turnaround Hook Shot,2,0
15,16,1,2PT Field Goal,Restricted Area,Center(C),Less Than 8 ft.,Running Layup Shot,2,2
-11,18,0,2PT Field Goal,Restricted Area,Center(C),Less Than 8 ft.,Running Layup Shot,2,0
31,41,1,2PT Field Goal,In The Paint (Non-RA),Center(C),Less Than 8 ft.,Driving Layup Shot,2,2
71,65,0,2PT Field Goal,In The Paint (Non-RA),Right Side(R),8-16 ft.,Turnaround Fadeaway shot,2,0
26,16,1,2PT Field Goal,Restricted Area,Center(C),Less Than 8 ft.,Driving Layup Shot,2,2
-140,228,0,3PT Field Goal,Above the Break 3,Left Side Center(LC),24+ ft.,Step Back Jump shot,3,0
-23,53,0,2PT Field Goal,In The Paint (Non-RA),Center(C),Less Than 8 ft.,Driving Floating Jump Shot,2,0
-214,162,0,3PT Field Goal,Above the Break 3,Left Side Center(LC),24+ ft.,Jump Shot,3,0
-10,16,1,2PT Field Goal,Restricted Area,Center(C),Less Than 8 ft.,Driving Layup Shot,2,2
7,8,1,2PT Field Goal,Restricted Area,Center(C),Less Than 8 ft.,Running Layup Shot,2,2
-70,91,1,2PT Field Goal,In The Paint (Non-RA),Left Side(L),8-16 ft.,Fadeaway Jump Shot,2,2
-134,238,1,3PT Field Goal,Above the Break 3,Left Side Center(LC),24+ ft.,Jump Shot,3,3
162,202,0,3PT Field Goal,Above the Break 3,Right Side Center(RC),24+ ft.,Jump Shot,3,0
-13,122,1,2PT Field Goal,In The Paint (Non-RA),Center(C),8-16 ft.,Fadeaway Jump Shot,2,2
107,242,0,3PT Field Goal,Above the Break 3,Right Side Center(RC),24+ ft.,Jump Shot,3,0
37,122,0,2PT Field Goal,In The Paint (Non-RA),Center(C),8-16 ft.,Turnaround Fadeaway shot,2,0
-4,112,0,2PT Field Goal,In The Paint (Non-RA),Center(C),8-16 ft.,Driving Floating Jump Shot,2,0
-7,18,0,2PT Field Goal,Restricted Area,Center(C),Less Than 8 ft.,Running Layup Shot,2,0
-67,130,1,2PT Field Goal,In The Paint (Non-RA),Center(C),8-16 ft.,Fadeaway Jump Shot,2,2
-102,132,0,2PT Field Goal,Mid-Range,Left Side Center(LC),16-24 ft.,Fadeaway Jump Shot,2,0
4,40,0,2PT Field Goal,In The Paint (Non-RA),Center(C),Less Than 8 ft.,Driving Hook Shot,2,0
5,40,0,2PT Field Goal,In The Paint (Non-RA),Center(C),Less Than 8 ft.,Driving Layup Shot,2,0
-7,11,1,2PT Field Goal,Restricted Area,Center(C),Less Than 8 ft.,Running Dunk Shot,2,2
10,87,1,2PT Field Goal,In The Paint (Non-RA),Center(C),8-16 ft.,Driving Hook Shot,2,2
29,154,1,2PT Field Goal,Mid-Range,Center(C),8-16 ft.,Pullup Jump shot,2,2
-83,171,0,2PT Field Goal,Mid-Range,Left Side Center(LC),16-24 ft.,Pullup Jump shot,2,0
-21,29,0,2PT Field Goal,Restricted Area,Center(C),Less Than 8 ft.,Driving Layup Shot,2,0
-169,203,0,3PT Field Goal,Above the Break 3,Left Side Center(LC),24+ ft.,Jump Shot,3,0
-25,19,0,2PT Field Goal,Restricted Area,Center(C),Less Than 8 ft.,Running Layup Shot,2,0
11,24,0,2PT Field Goal,Restricted Area,Center(C),Less Than 8 ft.,Layup Shot,2,0
92,247,0,3PT Field Goal,Above the Break 3,Right Side Center(RC),24+ ft.,Jump Shot,3,0
-230,123,1,3PT Field Goal,Above the Break 3,Left Side Center(LC),24+ ft.,Jump Shot,3,3
-40,88,0,2PT Field Goal,In The Paint (Non-RA),Center(C),8-16 ft.,Turnaround Jump Shot,2,0
-13,42,1,2PT Field Goal,In The Paint (Non-RA),Center(C),Less Than 8 ft.,Running Layup Shot,2,2
-15,12,0,2PT Field Goal,Restricted Area,Center(C),Less Than 8 ft.,Running Layup Shot,2,0
-40,28,1,2PT Field Goal,In The Paint (Non-RA),Center(C),Less Than 8 ft.,Driving Layup Shot,2,2
-4,26,1,2PT Field Goal,Restricted Area,Center(C),Less Than 8 ft.,Driving Layup Shot,2,2
99,258,0,3PT Field Goal,Above the Break 3,Right Side Center(RC),24+ ft.,Jump Shot,3,0
-159,235,0,3PT Field Goal,Above the Break 3,Left Side Center(LC),24+ ft.,Pullup Jump shot,3,0
2,15,1,2PT Field Goal,Restricted Area,Center(C),Less Than 8 ft.,Running Layup Shot,2,2
-17,28,0,2PT Field Goal,Restricted Area,Center(C),Less Than 8 ft.,Driving Layup Shot,2,0
-6,18,1,2PT Field Goal,Restricted Area,Center(C),Less Than 8 ft.,Putback Layup Shot,2,2
-65,85,0,2PT Field Goal,In The Paint (Non-RA),Left Side(L),8-16 ft.,Driving Floating Jump Shot,2,0
-114,231,1,3PT Field Goal,Above the Break 3,Left Side Center(LC),24+ ft.,Jump Shot,3,3
-31,257,0,3PT Field Goal,Above the Break 3,Center(C),24+ ft.,Running Pull-Up Jump Shot,3,0
66,87,1,2PT Field Goal,In The Paint (Non-RA),Right Side(R),8-16 ft.,Fadeaway Jump Shot,2,2
-32,9,1,2PT Field Goal,Restricted Area,Center(C),Less Than 8 ft.,Driving Layup Shot,2,2
235,20,1,3PT Field Goal,Right Corner 3,Right Side(R),24+ ft.,Jump Shot,3,3
21,15,1,2PT Field Goal,Restricted Area,Center(C),Less Than 8 ft.,Running Alley Oop Dunk Shot,2,2
-199,158,0,3PT Field Goal,Above the Break 3,Left Side Center(LC),24+ ft.,Jump Shot,3,0
76,174,1,2PT Field Goal,Mid-Range,Right Side Center(RC),16-24 ft.,Step Back Jump shot,2,2
15,12,1,2PT Field Goal,Restricted Area,Center(C),Less Than 8 ft.,Cutting Layup Shot,2,2
-107,251,0,3PT Field Goal,Above the Break 3,Left Side Center(LC),24+ ft.,Jump Shot,3,0
-42,31,0,2PT Field Goal,In The Paint (Non-RA),Center(C),Less Than 8 ft.,Driving Layup Shot,2,0
-6,15,1,2PT Field Goal,Restricted Area,Center(C),Less Than 8 ft.,Cutting Dunk Shot,2,2
-210,168,0,3PT Field Goal,Above the Break 3,Left Side Center(LC),24+ ft.,Turnaround Fadeaway Bank Jump Shot,3,0
42,25,1,2PT Field Goal,In The Paint (Non-RA),Center(C),Less Than 8 ft.,Cutting Layup Shot,2,2
-174,180,0,3PT Field Goal,Above the Break 3,Left Side Center(LC),24+ ft.,Jump Shot,3,0
34,3,1,2PT Field Goal,Restricted Area,Center(C),Less Than 8 ft.,Running Layup Shot,2,2
-42,80,0,2PT Field Goal,In The Paint (Non-RA),Center(C),8-16 ft.,Driving Layup Shot,2,0
-191,-5,0,2PT Field Goal,Mid-Range,Left Side(L),16-24 ft.,Step Back Jump shot,2,0
-234,16,0,3PT Field Goal,Left Corner 3,Left Side(L),24+ ft.,Jump Shot,3,0
-25,29,0,2PT Field Goal,Restricted Area,Center(C),Less Than 8 ft.,Running Finger Roll Layup Shot,2,0
-62,34,1,2PT Field Goal,In The Paint (Non-RA),Center(C),Less Than 8 ft.,Running Layup Shot,2,2
-48,32,1,2PT Field Goal,In The Paint (Non-RA),Center(C),Less Than 8 ft.,Cutting Layup Shot,2,2
22,39,0,2PT Field Goal,In The Paint (Non-RA),Center(C),Less Than 8 ft.,Layup Shot,2,0
17,42,1,2PT Field Goal,In The Paint (Non-RA),Center(C),Less Than 8 ft.,Putback Layup Shot,2,2
-28,33,1,2PT Field Goal,In The Paint (Non-RA),Center(C),Less Than 8 ft.,Cutting Dunk Shot,2,2
-154,38,0,2PT Field Goal,Mid-Range,Left Side(L),8-16 ft.,Turnaround Fadeaway shot,2,0
132,232,0,3PT Field Goal,Above the Break 3,Right Side Center(RC),24+ ft.,Pullup Jump shot,3,0
-37,38,0,2PT Field Goal,In The Paint (Non-RA),Center(C),Less Than 8 ft.,Driving Layup Shot,2,0
-1,5,1,2PT Field Goal,Restricted Area,Center(C),Less Than 8 ft.,Tip Layup Shot,2,2
7,256,1,3PT Field Goal,Above the Break 3,Center(C),24+ ft.,Jump Shot,3,3
-27,30,0,2PT Field Goal,In The Paint (Non-RA),Center(C),Less Than 8 ft.,Jump Bank Shot,2,0
-184,184,1,3PT Field Goal,Above the Break 3,Left Side Center(LC),24+ ft.,Jump Shot,3,3
33,56,0,2PT Field Goal,In The Paint (Non-RA),Center(C),Less Than 8 ft.,Driving Floating Jump Shot,2,0
11,110,0,2PT Field Goal,In The Paint (Non-RA),Center(C),8-16 ft.,Pullup Jump shot,2,0
-233,35,1,3PT Field Goal,Left Corner 3,Left Side(L),24+ ft.,Step Back Jump shot,3,3
-2,16,1,2PT Field Goal,Restricted Area,Center(C),Less Than 8 ft.,Floating Jump shot,2,2
1,8,1,2PT Field Goal,Restricted Area,Center(C),Less Than 8 ft.,Tip Layup Shot,2,2
232,15,1,3PT Field Goal,Right Corner 3,Right Side(R),24+ ft.,Running Pull-Up Jump Shot,3,3
23,9,1,2PT Field Goal,Restricted Area,Center(C),Less Than 8 ft.,Driving Layup Shot,2,2
-164,36,0,2PT Field Goal,Mid-Range,Left Side(L),16-24 ft.,Turnaround Fadeaway shot,2,0
-232,43,0,3PT Field Goal,Left Corner 3,Left Side(L),24+ ft.,Jump Shot,3,0
-137,230,0,3PT Field Goal,Above the Break 3,Left Side Center(LC),24+ ft.,Running Pull-Up Jump Shot,3,0
-142,75,1,2PT Field Goal,Mid-Range,Left Side(L),16-24 ft.,Pullup Jump shot,2,2
-15,15,1,2PT Field Goal,Restricted Area,Center(C),Less Than 8 ft.,Running Alley Oop Dunk Shot,2,2
-4,37,0,2PT Field Goal,Restricted Area,Center(C),Less Than 8 ft.,Cutting Dunk Shot,2,0
-169,40,0,2PT Field Goal,Mid-Range,Left Side(L),16-24 ft.,Turnaround Fadeaway shot,2,0
34,159,0,2PT Field Goal,Mid-Range,Center(C),16-24 ft.,Turnaround Fadeaway shot,2,0
9,19,0,2PT Field Goal,Restricted Area,Center(C),Less Than 8 ft.,Layup Shot,2,0
16,57,0,2PT Field Goal,In The Paint (Non-RA),Center(C),Less Than 8 ft.,Running Pull-Up Jump Shot,2,0
25,163,1,2PT Field Goal,Mid-Range,Center(C),16-24 ft.,Fadeaway Jump Shot,2,2
-23,12,1,2PT Field Goal,Restricted Area,Center(C),Less Than 8 ft.,Cutting Dunk Shot,2,2
-98,81,0,2PT Field Goal,Mid-Range,Left Side(L),8-16 ft.,Turnaround Fadeaway shot,2,0
39,251,1,3PT Field Goal,Above the Break 3,Center(C),24+ ft.,Pullup Jump shot,3,3
1,26,1,2PT Field Goal,Restricted Area,Center(C),Less Than 8 ft.,Running Dunk Shot,2,2
-172,181,1,3PT Field Goal,Above the Break 3,Left Side Center(LC),24+ ft.,Pullup Jump shot,3,3
-140,233,1,3PT Field Goal,Above the Break 3,Left Side Center(LC),24+ ft.,Step Back Jump shot,3,3
132,242,0,3PT Field Goal,Above the Break 3,Right Side Center(RC),24+ ft.,Pullup Jump shot,3,0
-1,13,1,2PT Field Goal,Restricted Area,Center(C),Less Than 8 ft.,Running Layup Shot,2,2
-238,8,1,3PT Field Goal,Left Corner 3,Left Side(L),24+ ft.,Jump Shot,3,3
-135,211,0,3PT Field Goal,Above the Break 3,Left Side Center(LC),24+ ft.,Jump Shot,3,0
71,252,0,3PT Field Goal,Above the Break 3,Center(C),24+ ft.,Pullup Jump shot,3,0
-1,24,1,2PT Field Goal,Restricted Area,Center(C),Less Than 8 ft.,Running Dunk Shot,2,2
7,-5,1,2PT Field Goal,Restricted Area,Center(C),Less Than 8 ft.,Alley Oop Dunk Shot,2,2
5,25,1,2PT Field Goal,Restricted Area,Center(C),Less Than 8 ft.,Dunk Shot,2,2
-20,37,1,2PT Field Goal,In The Paint (Non-RA),Center(C),Less Than 8 ft.,Running Layup Shot,2,2
-2,12,1,2PT Field Goal,Restricted Area,Center(C),Less Than 8 ft.,Running Dunk Shot,2,2
-140,231,0,3PT Field Goal,Above the Break 3,Left Side Center(LC),24+ ft.,Pullup Jump shot,3,0
-195,197,0,3PT Field Goal,Above the Break 3,Left Side Center(LC),24+ ft.,Jump Shot,3,0
4,7,1,2PT Field Goal,Restricted Area,Center(C),Less Than 8 ft.,Running Alley Oop Layup Shot,2,2
-196,62,0,2PT Field Goal,Mid-Range,Left Side(L),16-24 ft.,Jump Shot,2,0
22,14,1,2PT Field Goal,Restricted Area,Center(C),Less Than 8 ft.,Cutting Layup Shot,2,2
10,9,1,2PT Field Goal,Restricted Area,Center(C),Less Than 8 ft.,Running Alley Oop Dunk Shot,2,2
-129,-13,1,2PT Field Goal,Mid-Range,Left Side(L),8-16 ft.,Turnaround Fadeaway shot,2,2
-23,15,1,2PT Field Goal,Restricted Area,Center(C),Less Than 8 ft.,Running Reverse Layup Shot,2,2
131,127,1,2PT Field Goal,Mid-Range,Right Side Center(RC),16-24 ft.,Turnaround Jump Shot,2,2
-21,27,0,2PT Field Goal,Restricted Area,Center(C),Less Than 8 ft.,Running Layup Shot,2,0
238,55,0,3PT Field Goal,Right Corner 3,Right Side(R),24+ ft.,Jump Shot,3,0
-43,258,0,3PT Field Goal,Above the Break 3,Center(C),24+ ft.,Pullup Jump shot,3,0
-29,36,1,2PT Field Goal,In The Paint (Non-RA),Center(C),Less Than 8 ft.,Running Layup Shot,2,2
-18,25,1,2PT Field Goal,Restricted Area,Center(C),Less Than 8 ft.,Driving Layup Shot,2,2
11,68,0,2PT Field Goal,In The Paint (Non-RA),Center(C),Less Than 8 ft.,Running Layup Shot,2,0
11,191,0,2PT Field Goal,Mid-Range,Center(C),16-24 ft.,Pullup Jump shot,2,0
-10,48,0,2PT Field Goal,In The Paint (Non-RA),Center(C),Less Than 8 ft.,Driving Layup Shot,2,0
229,113,0,3PT Field Goal,Above the Break 3,Right Side Center(RC),24+ ft.,Jump Shot,3,0
-21,57,1,2PT Field Goal,In The Paint (Non-RA),Center(C),Less Than 8 ft.,Running Pull-Up Jump Shot,2,2
17,20,1,2PT Field Goal,Restricted Area,Center(C),Less Than 8 ft.,Running Dunk Shot,2,2
18,-1,1,2PT Field Goal,Restricted Area,Center(C),Less Than 8 ft.,Cutting Finger Roll Layup Shot,2,2
11,5,1,2PT Field Goal,Restricted Area,Center(C),Less Than 8 ft.,Driving Dunk Shot,2,2
9,3,1,2PT Field Goal,Restricted Area,Center(C),Less Than 8 ft.,Putback Layup Shot,2,2
15,5,1,2PT Field Goal,Restricted Area,Center(C),Less Than 8 ft.,Putback Layup Shot,2,2
-56,29,1,2PT Field Goal,In The Paint (Non-RA),Center(C),Less Than 8 ft.,Turnaround Fadeaway shot,2,2
-94,26,0,2PT Field Goal,Mid-Range,Left Side(L),8-16 ft.,Turnaround Fadeaway shot,2,0
-161,198,0,3PT Field Goal,Above the Break 3,Left Side Center(LC),24+ ft.,Jump Shot,3,0
-118,23,1,2PT Field Goal,Mid-Range,Left Side(L),8-16 ft.,Turnaround Fadeaway shot,2,2
165,207,1,3PT Field Goal,Above the Break 3,Right Side Center(RC),24+ ft.,Running Jump Shot,3,3
25,37,1,2PT Field Goal,In The Paint (Non-RA),Center(C),Less Than 8 ft.,Fadeaway Jump Shot,2,2
115,237,0,3PT Field Goal,Above the Break 3,Right Side Center(RC),24+ ft.,Running Pull-Up Jump Shot,3,0
-1,37,1,2PT Field Goal,Restricted Area,Center(C),Less Than 8 ft.,Running Layup Shot,2,2
4,27,1,2PT Field Goal,Restricted Area,Center(C),Less Than 8 ft.,Running Dunk Shot,2,2
-43,26,1,2PT Field Goal,In The Paint (Non-RA),Center(C),Less Than 8 ft.,Turnaround Jump Shot,2,2
-6,30,0,2PT Field Goal,Restricted Area,Center(C),Less Than 8 ft.,Running Layup Shot,2,0
-110,-10,0,2PT Field Goal,Mid-Range,Left Side(L),8-16 ft.,Turnaround Jump Shot,2,0
6,309,0,3PT Field Goal,Above the Break 3,Center(C),24+ ft.,Running Jump Shot,3,0
31,50,0,2PT Field Goal,In The Paint (Non-RA),Center(C),Less Than 8 ft.,Driving Layup Shot,2,0
-25,35,1,2PT Field Goal,In The Paint (Non-RA),Center(C),Less Than 8 ft.,Driving Floating Bank Jump Shot,2,2
-29,3,0,2PT Field Goal,Restricted Area,Center(C),Less Than 8 ft.,Cutting Layup Shot,2,0
-7,15,1,2PT Field Goal,Restricted Area,Center(C),Less Than 8 ft.,Running Dunk Shot,2,2
-15,27,1,2PT Field Goal,Restricted Area,Center(C),Less Than 8 ft.,Running Dunk Shot,2,2
37,26,0,2PT Field Goal,In The Paint (Non-RA),Center(C),Less Than 8 ft.,Driving Finger Roll Layup Shot,2,0
-67,56,0,2PT Field Goal,In The Paint (Non-RA),Left Side(L),8-16 ft.,Turnaround Fadeaway shot,2,0
-37,270,0,3PT Field Goal,Above the Break 3,Center(C),24+ ft.,Jump Shot,3,0
89,136,1,2PT Field Goal,Mid-Range,Right Side Center(RC),16-24 ft.,Pullup Jump shot,2,2
-232,115,1,3PT Field Goal,Above the Break 3,Left Side Center(LC),24+ ft.,Step Back Jump shot,3,3
17,16,1,2PT Field Goal,Restricted Area,Center(C),Less Than 8 ft.,Cutting Layup Shot,2,2
20,17,1,2PT Field Goal,Restricted Area,Center(C),Less Than 8 ft.,Running Alley Oop Dunk Shot,2,2
-162,249,0,3PT Field Goal,Above the Break 3,Left Side Center(LC),24+ ft.,Jump Shot,3,0
-175,88,0,2PT Field Goal,Mid-Range,Left Side(L),16-24 ft.,Jump Shot,2,0
-29,20,0,2PT Field Goal,Restricted Area,Center(C),Less Than 8 ft.,Driving Layup Shot,2,0
-4,26,1,2PT Field Goal,Restricted Area,Center(C),Less Than 8 ft.,Running Dunk Shot,2,2
-223,13,1,3PT Field Goal,Left Corner 3,Left Side(L),24+ ft.,Jump Shot,3,3
42,269,1,3PT Field Goal,Above the Break 3,Center(C),24+ ft.,Pullup Jump shot,3,3
5,8,1,2PT Field Goal,Restricted Area,Center(C),Less Than 8 ft.,Running Dunk Shot,2,2
4,14,1,2PT Field Goal,Restricted Area,Center(C),Less Than 8 ft.,Alley Oop Dunk Shot,2,2
2,41,1,2PT Field Goal,In The Paint (Non-RA),Center(C),Less Than 8 ft.,Running Dunk Shot,2,2
6,6,1,2PT Field Goal,Restricted Area,Center(C),Less Than 8 ft.,Driving Finger Roll Layup Shot,2,2
0,9,1,2PT Field Goal,Restricted Area,Center(C),Less Than 8 ft.,Cutting Finger Roll Layup Shot,2,2
0,0,1,2PT Field Goal,Restricted Area,Center(C),Less Than 8 ft.,Tip Dunk Shot,2,2
-6,13,1,2PT Field Goal,Restricted Area,Center(C),Less Than 8 ft.,Alley Oop Dunk Shot,2,2
-42,25,0,2PT Field Goal,In The Paint (Non-RA),Center(C),Less Than 8 ft.,Driving Layup Shot,2,0
-15,27,1,2PT Field Goal,Restricted Area,Center(C),Less Than 8 ft.,Driving Floating Bank Jump Shot,2,2
7,29,1,2PT Field Goal,Restricted Area,Center(C),Less Than 8 ft.,Running Finger Roll Layup Shot,2,2
-70,54,1,2PT Field Goal,In The Paint (Non-RA),Left Side(L),8-16 ft.,Fadeaway Jump Shot,2,2
0,12,1,2PT Field Goal,Restricted Area,Center(C),Less Than 8 ft.,Alley Oop Dunk Shot,2,2
9,13,1,2PT Field Goal,Restricted Area,Center(C),Less Than 8 ft.,Cutting Dunk Shot,2,2
-6,149,1,2PT Field Goal,Mid-Range,Center(C),8-16 ft.,Turnaround Jump Shot,2,2
12,15,1,2PT Field Goal,Restricted Area,Center(C),Less Than 8 ft.,Cutting Layup Shot,2,2
92,64,1,2PT Field Goal,Mid-Range,Right Side(R),8-16 ft.,Turnaround Fadeaway shot,2,2
0,18,1,2PT Field Goal,Restricted Area,Center(C),Less Than 8 ft.,Driving Layup Shot,2,2
29,5,1,2PT Field Goal,Restricted Area,Center(C),Less Than 8 ft.,Driving Finger Roll Layup Shot,2,2
-11,6,1,2PT Field Goal,Restricted Area,Center(C),Less Than 8 ft.,Layup Shot,2,2
-32,34,0,2PT Field Goal,In The Paint (Non-RA),Center(C),Less Than 8 ft.,Running Layup Shot,2,0
11,15,0,2PT Field Goal,Restricted Area,Center(C),Less Than 8 ft.,Putback Layup Shot,2,0
16,5,0,2PT Field Goal,Restricted Area,Center(C),Less Than 8 ft.,Running Layup Shot,2,0
2,31,0,2PT Field Goal,Restricted Area,Center(C),Less Than 8 ft.,Driving Floating Bank Jump Shot,2,0
-6,14,1,2PT Field Goal,Restricted Area,Center(C),Less Than 8 ft.,Driving Layup Shot,2,2
2,1,1,2PT Field Goal,Restricted Area,Center(C),Less Than 8 ft.,Running Dunk Shot,2,2
-99,201,1,2PT Field Goal,Mid-Range,Left Side Center(LC),16-24 ft.,Jump Shot,2,2
230,57,0,3PT Field Goal,Right Corner 3,Right Side(R),24+ ft.,Jump Shot,3,0
78,34,0,2PT Field Goal,In The Paint (Non-RA),Right Side(R),8-16 ft.,Turnaround Fadeaway Bank Jump Shot,2,0
-32,138,0,2PT Field Goal,In The Paint (Non-RA),Center(C),8-16 ft.,Pullup Jump shot,2,0
-162,159,0,2PT Field Goal,Mid-Range,Left Side Center(LC),16-24 ft.,Jump Shot,2,0
-23,8,1,2PT Field Goal,Restricted Area,Center(C),Less Than 8 ft.,Running Alley Oop Layup Shot,2,2
-12,29,1,2PT Field Goal,Restricted Area,Center(C),Less Than 8 ft.,Running Layup Shot,2,2
0,63,0,2PT Field Goal,In The Paint (Non-RA),Center(C),Less Than 8 ft.,Driving Floating Jump Shot,2,0
15,169,0,2PT Field Goal,Mid-Range,Center(C),16-24 ft.,Fadeaway Jump Shot,2,0
31,256,0,3PT Field Goal,Above the Break 3,Center(C),24+ ft.,Pullup Jump shot,3,0
-21,20,1,2PT Field Goal,Restricted Area,Center(C),Less Than 8 ft.,Driving Layup Shot,2,2
-18,15,0,2PT Field Goal,Restricted Area,Center(C),Less Than 8 ft.,Cutting Layup Shot,2,0
152,150,0,2PT Field Goal,Mid-Range,Right Side Center(RC),16-24 ft.,Jump Shot,2,0
-39,29,0,2PT Field Goal,In The Paint (Non-RA),Center(C),Less Than 8 ft.,Driving Layup Shot,2,0
-85,17,0,2PT Field Goal,Mid-Range,Left Side(L),8-16 ft.,Turnaround Fadeaway shot,2,0
-62,-5,0,2PT Field Goal,In The Paint (Non-RA),Center(C),Less Than 8 ft.,Turnaround Jump Shot,2,0
163,239,0,3PT Field Goal,Above the Break 3,Right Side Center(RC),24+ ft.,Pullup Jump shot,3,0
-186,185,1,3PT Field Goal,Above the Break 3,Left Side Center(LC),24+ ft.,Jump Shot,3,3
22,27,1,2PT Field Goal,Restricted Area,Center(C),Less Than 8 ft.,Running Layup Shot,2,2
-92,116,0,2PT Field Goal,Mid-Range,Left Side(L),8-16 ft.,Turnaround Fadeaway shot,2,0
-34,1,1,2PT Field Goal,Restricted Area,Center(C),Less Than 8 ft.,Driving Layup Shot,2,2
33,6,1,2PT Field Goal,Restricted Area,Center(C),Less Than 8 ft.,Putback Layup Shot,2,2
-26,-7,1,2PT Field Goal,Restricted Area,Center(C),Less Than 8 ft.,Running Dunk Shot,2,2
-118,32,0,2PT Field Goal,Mid-Range,Left Side(L),8-16 ft.,Fadeaway Bank shot,2,0
0,0,0,2PT Field Goal,Restricted Area,Center(C),Less Than 8 ft.,Tip Layup Shot,2,0
10,5,0,2PT Field Goal,Restricted Area,Center(C),Less Than 8 ft.,Cutting Layup Shot,2,0
-15,5,1,2PT Field Goal,Restricted Area,Center(C),Less Than 8 ft.,Cutting Dunk Shot,2,2
-5,17,1,2PT Field Goal,Restricted Area,Center(C),Less Than 8 ft.,Layup Shot,2,2
-11,-6,0,2PT Field Goal,Restricted Area,Center(C),Less Than 8 ft.,Driving Layup Shot,2,0
-1,4,1,2PT Field Goal,Restricted Area,Center(C),Less Than 8 ft.,Running Dunk Shot,2,2
227,121,0,3PT Field Goal,Above the Break 3,Right Side Center(RC),24+ ft.,Jump Shot,3,0
0,-4,1,2PT Field Goal,Restricted Area,Center(C),Less Than 8 ft.,Running Finger Roll Layup Shot,2,2
0,-6,1,2PT Field Goal,Restricted Area,Center(C),Less Than 8 ft.,Running Layup Shot,2,2
-11,10,0,2PT Field Goal,Restricted Area,Center(C),Less Than 8 ft.,Driving Reverse Layup Shot,2,0
-4,20,1,2PT Field Goal,Restricted Area,Center(C),Less Than 8 ft.,Running Finger Roll Layup Shot,2,2
48,157,1,2PT Field Goal,Mid-Range,Center(C),16-24 ft.,Pullup Jump shot,2,2
-59,84,0,2PT Field Goal,In The Paint (Non-RA),Left Side(L),8-16 ft.,Fadeaway Jump Shot,2,0
-156,8,1,2PT Field Goal,Mid-Range,Left Side(L),8-16 ft.,Turnaround Fadeaway shot,2,2
104,1,0,2PT Field Goal,Mid-Range,Right Side(R),8-16 ft.,Fadeaway Jump Shot,2,0
44,62,1,2PT Field Goal,In The Paint (Non-RA),Center(C),Less Than 8 ft.,Finger Roll Layup Shot,2,2
-28,180,1,2PT Field Goal,Mid-Range,Center(C),16-24 ft.,Jump Shot,2,2
156,26,0,2PT Field Goal,Mid-Range,Right Side(R),8-16 ft.,Fadeaway Jump Shot,2,0
229,51,0,3PT Field Goal,Right Corner 3,Right Side(R),24+ ft.,Jump Shot,3,0
-20,10,1,2PT Field Goal,Restricted Area,Center(C),Less Than 8 ft.,Driving Layup Shot,2,2
-13,27,0,2PT Field Goal,Restricted Area,Center(C),Less Than 8 ft.,Driving Reverse Layup Shot,2,0
-42,100,0,2PT Field Goal,In The Paint (Non-RA),Center(C),8-16 ft.,Fadeaway Jump Shot,2,0
-11,11,1,2PT Field Goal,Restricted Area,Center(C),Less Than 8 ft.,Driving Layup Shot,2,2
-69,89,0,2PT Field Goal,In The Paint (Non-RA),Left Side(L),8-16 ft.,Fadeaway Jump Shot,2,0
6,36,1,2PT Field Goal,Restricted Area,Center(C),Less Than 8 ft.,Driving Layup Shot,2,2
-114,153,0,2PT Field Goal,Mid-Range,Left Side Center(LC),16-24 ft.,Turnaround Fadeaway shot,2,0
-12,26,1,2PT Field Goal,Restricted Area,Center(C),Less Than 8 ft.,Driving Layup Shot,2,2
-37,19,0,2PT Field Goal,In The Paint (Non-RA),Center(C),Less Than 8 ft.,Cutting Layup Shot,2,0
-174,17,1,2PT Field Goal,Mid-Range,Left Side(L),16-24 ft.,Turnaround Fadeaway shot,2,2
-15,5,0,2PT Field Goal,Restricted Area,Center(C),Less Than 8 ft.,Cutting Dunk Shot,2,0
10,16,1,2PT Field Goal,Restricted Area,Center(C),Less Than 8 ft.,Running Alley Oop Dunk Shot,2,2
-9,16,1,2PT Field Goal,Restricted Area,Center(C),Less Than 8 ft.,Alley Oop Dunk Shot,2,2
-13,8,0,2PT Field Goal,Restricted Area,Center(C),Less Than 8 ft.,Driving Layup Shot,2,0
-10,10,0,2PT Field Goal,Restricted Area,Center(C),Less Than 8 ft.,Driving Layup Shot,2,0
-2,17,1,2PT Field Goal,Restricted Area,Center(C),Less Than 8 ft.,Running Dunk Shot,2,2
6,34,1,2PT Field Goal,Restricted Area,Center(C),Less Than 8 ft.,Driving Layup Shot,2,2
-1,26,0,2PT Field Goal,Restricted Area,Center(C),Less Than 8 ft.,Running Layup Shot,2,0
11,36,0,2PT Field Goal,Restricted Area,Center(C),Less Than 8 ft.,Running Alley Oop Layup Shot,2,0
-235,41,0,3PT Field Goal,Left Corner 3,Left Side(L),24+ ft.,Jump Shot,3,0
-89,62,1,2PT Field Goal,Mid-Range,Left Side(L),8-16 ft.,Fadeaway Jump Shot,2,2
121,274,1,3PT Field Goal,Above the Break 3,Right Side Center(RC),24+ ft.,Running Pull-Up Jump Shot,3,3
48,277,0,3PT Field Goal,Above the Break 3,Center(C),24+ ft.,Jump Shot,3,0
131,160,1,2PT Field Goal,Mid-Range,Right Side Center(RC),16-24 ft.,Pullup Jump shot,2,2
-230,41,0,3PT Field Goal,Left Corner 3,Left Side(L),24+ ft.,Jump Shot,3,0
22,12,1,2PT Field Goal,Restricted Area,Center(C),Less Than 8 ft.,Running Dunk Shot,2,2
227,32,1,3PT Field Goal,Right Corner 3,Right Side(R),24+ ft.,Jump Shot,3,3
110,12,0,2PT Field Goal,Mid-Range,Right Side(R),8-16 ft.,Turnaround Fadeaway shot,2,0
-127,236,0,3PT Field Goal,Above the Break 3,Left Side Center(LC),24+ ft.,Jump Shot,3,0
4,14,1,2PT Field Goal,Restricted Area,Center(C),Less Than 8 ft.,Running Alley Oop Dunk Shot,2,2
125,88,0,2PT Field Goal,Mid-Range,Right Side(R),8-16 ft.,Turnaround Jump Shot,2,0
42,191,0,2PT Field Goal,Mid-Range,Center(C),16-24 ft.,Pullup Jump shot,2,0
-221,142,0,3PT Field Goal,Above the Break 3,Left Side Center(LC),24+ ft.,Pullup Jump shot,3,0
9,18,1,2PT Field Goal,Restricted Area,Center(C),Less Than 8 ft.,Driving Dunk Shot,2,2
230,-8,1,3PT Field Goal,Right Corner 3,Right Side(R),24+ ft.,Jump Shot,3,3
227,-11,0,3PT Field Goal,Right Corner 3,Right Side(R),24+ ft.,Jump Shot,3,0
1,0,1,2PT Field Goal,Restricted Area,Center(C),Less Than 8 ft.,Running Dunk Shot,2,2
1,264,0,3PT Field Goal,Above the Break 3,Center(C),24+ ft.,Pullup Jump shot,3,0
-20,11,1,2PT Field Goal,Restricted Area,Center(C),Less Than 8 ft.,Driving Layup Shot,2,2
-21,48,1,2PT Field Goal,In The Paint (Non-RA),Center(C),Less Than 8 ft.,Driving Hook Shot,2,2
-85,208,1,2PT Field Goal,Mid-Range,Left Side Center(LC),16-24 ft.,Step Back Jump shot,2,2
-61,63,0,2PT Field Goal,In The Paint (Non-RA),Left Side(L),8-16 ft.,Fadeaway Jump Shot,2,0
-66,12,1,2PT Field Goal,In The Paint (Non-RA),Center(C),Less Than 8 ft.,Turnaround Bank shot,2,2
12,193,1,2PT Field Goal,Mid-Range,Center(C),16-24 ft.,Pullup Jump shot,2,2
16,24,1,2PT Field Goal,Restricted Area,Center(C),Less Than 8 ft.,Driving Dunk Shot,2,2
-21,26,1,2PT Field Goal,Restricted Area,Center(C),Less Than 8 ft.,Running Dunk Shot,2,2
-206,159,1,3PT Field Goal,Above the Break 3,Left Side Center(LC),24+ ft.,Jump Shot,3,3
16,50,0,2PT Field Goal,In The Paint (Non-RA),Center(C),Less Than 8 ft.,Driving Layup Shot,2,0
5,22,1,2PT Field Goal,Restricted Area,Center(C),Less Than 8 ft.,Running Layup Shot,2,2
-126,236,0,3PT Field Goal,Above the Break 3,Left Side Center(LC),24+ ft.,Jump Shot,3,0
5,10,1,2PT Field Goal,Restricted Area,Center(C),Less Than 8 ft.,Running Alley Oop Dunk Shot,2,2
-9,286,0,3PT Field Goal,Above the Break 3,Center(C),24+ ft.,Pullup Jump shot,3,0
-29,84,0,2PT Field Goal,In The Paint (Non-RA),Center(C),8-16 ft.,Driving Floating Jump Shot,2,0
-178,181,0,3PT Field Goal,Above the Break 3,Left Side Center(LC),24+ ft.,Jump Shot,3,0
37,36,0,2PT Field Goal,In The Paint (Non-RA),Center(C),Less Than 8 ft.,Driving Bank Hook Shot,2,0
4,7,1,2PT Field Goal,Restricted Area,Center(C),Less Than 8 ft.,Driving Dunk Shot,2,2
-16,21,1,2PT Field Goal,Restricted Area,Center(C),Less Than 8 ft.,Driving Layup Shot,2,2
-1,289,0,3PT Field Goal,Above the Break 3,Center(C),24+ ft.,Pullup Jump shot,3,0
22,11,0,2PT Field Goal,Restricted Area,Center(C),Less Than 8 ft.,Layup Shot,2,0
-173,216,0,3PT Field Goal,Above the Break 3,Left Side Center(LC),24+ ft.,Pullup Jump shot,3,0
-16,55,1,2PT Field Goal,In The Paint (Non-RA),Center(C),Less Than 8 ft.,Driving Layup Shot,2,2
-109,43,1,2PT Field Goal,Mid-Range,Left Side(L),8-16 ft.,Turnaround Bank shot,2,2
-2,82,0,2PT Field Goal,In The Paint (Non-RA),Center(C),8-16 ft.,Fadeaway Jump Shot,2,0
-25,260,1,3PT Field Goal,Above the Break 3,Center(C),24+ ft.,Jump Shot,3,3
-172,37,0,2PT Field Goal,Mid-Range,Left Side(L),16-24 ft.,Jump Shot,2,0
10,16,1,2PT Field Goal,Restricted Area,Center(C),Less Than 8 ft.,Running Dunk Shot,2,2
-154,222,1,3PT Field Goal,Above the Break 3,Left Side Center(LC),24+ ft.,Step Back Jump shot,3,3
211,152,1,3PT Field Goal,Above the Break 3,Right Side Center(RC),24+ ft.,Step Back Jump shot,3,3
-202,162,0,3PT Field Goal,Above the Break 3,Left Side Center(LC),24+ ft.,Jump Shot,3,0
-180,90,1,2PT Field Goal,Mid-Range,Left Side(L),16-24 ft.,Pullup Jump shot,2,2
78,174,0,2PT Field Goal,Mid-Range,Right Side Center(RC),16-24 ft.,Pullup Jump shot,2,0
43,26,1,2PT Field Goal,In The Paint (Non-RA),Center(C),Less Than 8 ft.,Driving Floating Bank Jump Shot,2,2
170,204,0,3PT Field Goal,Above the Break 3,Right Side Center(RC),24+ ft.,Jump Shot,3,0
45,39,0,2PT Field Goal,In The Paint (Non-RA),Center(C),Less Than 8 ft.,Driving Layup Shot,2,0
-60,47,1,2PT Field Goal,In The Paint (Non-RA),Center(C),Less Than 8 ft.,Driving Layup Shot,2,2
0,20,1,2PT Field Goal,Restricted Area,Center(C),Less Than 8 ft.,Running Layup Shot,2,2
2,26,1,2PT Field Goal,Restricted Area,Center(C),Less Than 8 ft.,Running Dunk Shot,2,2
234,38,1,3PT Field Goal,Right Corner 3,Right Side(R),24+ ft.,Jump Shot,3,3
-109,222,1,3PT Field Goal,Above the Break 3,Left Side Center(LC),24+ ft.,Jump Shot,3,3
-134,79,1,2PT Field Goal,Mid-Range,Left Side(L),8-16 ft.,Fadeaway Bank shot,2,2
-9,3,1,2PT Field Goal,Restricted Area,Center(C),Less Than 8 ft.,Running Dunk Shot,2,2
50,126,0,2PT Field Goal,In The Paint (Non-RA),Center(C),8-16 ft.,Turnaround Hook Shot,2,0
210,69,0,2PT Field Goal,Mid-Range,Right Side(R),16-24 ft.,Jump Shot,2,0
33,13,1,2PT Field Goal,Restricted Area,Center(C),Less Than 8 ft.,Running Layup Shot,2,2
-27,-7,1,2PT Field Goal,Restricted Area,Center(C),Less Than 8 ft.,Driving Layup Shot,2,2
-114,13,1,2PT Field Goal,Mid-Range,Left Side(L),8-16 ft.,Turnaround Fadeaway shot,2,2
-119,23,1,2PT Field Goal,Mid-Range,Left Side(L),8-16 ft.,Turnaround Fadeaway shot,2,2
0,39,1,2PT Field Goal,Restricted Area,Center(C),Less Than 8 ft.,Cutting Layup Shot,2,2
2,13,1,2PT Field Goal,Restricted Area,Center(C),Less Than 8 ft.,Running Dunk Shot,2,2
58,194,0,2PT Field Goal,Mid-Range,Center(C),16-24 ft.,Pullup Jump shot,2,0
-74,41,0,2PT Field Goal,In The Paint (Non-RA),Left Side(L),8-16 ft.,Running Layup Shot,2,0
-22,223,0,2PT Field Goal,Mid-Range,Center(C),16-24 ft.,Pullup Jump shot,2,0
-164,59,0,2PT Field Goal,Mid-Range,Left Side(L),16-24 ft.,Turnaround Fadeaway shot,2,0
4,17,0,2PT Field Goal,Restricted Area,Center(C),Less Than 8 ft.,Pullup Jump shot,2,0
-138,138,1,2PT Field Goal,Mid-Range,Left Side Center(LC),16-24 ft.,Step Back Jump shot,2,2
-1,23,0,2PT Field Goal,Restricted Area,Center(C),Less Than 8 ft.,Running Layup Shot,2,0
-67,253,0,3PT Field Goal,Above the Break 3,Center(C),24+ ft.,Pullup Jump shot,3,0
-10,15,1,2PT Field Goal,Restricted Area,Center(C),Less Than 8 ft.,Running Layup Shot,2,2
5,12,1,2PT Field Goal,Restricted Area,Center(C),Less Than 8 ft.,Running Layup Shot,2,2
29,67,0,2PT Field Goal,In The Paint (Non-RA),Center(C),Less Than 8 ft.,Fadeaway Jump Shot,2,0
32,49,0,2PT Field Goal,In The Paint (Non-RA),Center(C),Less Than 8 ft.,Running Layup Shot,2,0
93,84,0,2PT Field Goal,Mid-Range,Right Side(R),8-16 ft.,Turnaround Fadeaway shot,2,0
-11,29,1,2PT Field Goal,Restricted Area,Center(C),Less Than 8 ft.,Cutting Layup Shot,2,2
-38,47,1,2PT Field Goal,In The Paint (Non-RA),Center(C),Less Than 8 ft.,Driving Finger Roll Layup Shot,2,2
15,306,0,3PT Field Goal,Above the Break 3,Center(C),24+ ft.,Pullup Jump shot,3,0
-22,59,0,2PT Field Goal,In The Paint (Non-RA),Center(C),Less Than 8 ft.,Cutting Layup Shot,2,0
-26,16,1,2PT Field Goal,Restricted Area,Center(C),Less Than 8 ft.,Driving Layup Shot,2,2
-126,332,0,3PT Field Goal,Above the Break 3,Left Side Center(LC),24+ ft.,Pullup Jump shot,3,0
-9,150,1,2PT Field Goal,Mid-Range,Center(C),8-16 ft.,Fadeaway Jump Shot,2,2
-31,24,1,2PT Field Goal,Restricted Area,Center(C),Less Than 8 ft.,Running Layup Shot,2,2
135,248,0,3PT Field Goal,Above the Break 3,Right Side Center(RC),24+ ft.,Running Pull-Up Jump Shot,3,0
-13,20,1,2PT Field Goal,Restricted Area,Center(C),Less Than 8 ft.,Cutting Layup Shot,2,2
-15,141,0,2PT Field Goal,Mid-Range,Center(C),8-16 ft.,Fadeaway Jump Shot,2,0
0,0,0,2PT Field Goal,Restricted Area,Center(C),Less Than 8 ft.,Tip Layup Shot,2,0
-76,135,1,2PT Field Goal,In The Paint (Non-RA),Center(C),8-16 ft.,Pullup Jump shot,2,2
9,25,0,2PT Field Goal,Restricted Area,Center(C),Less Than 8 ft.,Driving Layup Shot,2,0
-12,25,1,2PT Field Goal,Restricted Area,Center(C),Less Than 8 ft.,Driving Layup Shot,2,2
31,-1,1,2PT Field Goal,Restricted Area,Center(C),Less Than 8 ft.,Running Dunk Shot,2,2
147,246,0,3PT Field Goal,Above the Break 3,Right Side Center(RC),24+ ft.,Jump Shot,3,0
-6,29,1,2PT Field Goal,Restricted Area,Center(C),Less Than 8 ft.,Running Layup Shot,2,2
-17,29,0,2PT Field Goal,Restricted Area,Center(C),Less Than 8 ft.,Driving Layup Shot,2,0
-173,210,0,3PT Field Goal,Above the Break 3,Left Side Center(LC),24+ ft.,Jump Shot,3,0
-110,-17,1,2PT Field Goal,Mid-Range,Left Side(L),8-16 ft.,Turnaround Fadeaway shot,2,2
-223,2,0,3PT Field Goal,Left Corner 3,Left Side(L),24+ ft.,Jump Shot,3,0
-88,77,0,2PT Field Goal,Mid-Range,Left Side(L),8-16 ft.,Pullup Jump shot,2,0
11,10,1,2PT Field Goal,Restricted Area,Center(C),Less Than 8 ft.,Running Layup Shot,2,2
15,8,1,2PT Field Goal,Restricted Area,Center(C),Less Than 8 ft.,Turnaround Fadeaway shot,2,2
12,15,1,2PT Field Goal,Restricted Area,Center(C),Less Than 8 ft.,Running Layup Shot,2,2
-81,180,0,2PT Field Goal,Mid-Range,Left Side Center(LC),16-24 ft.,Fadeaway Jump Shot,2,0
15,11,0,2PT Field Goal,Restricted Area,Center(C),Less Than 8 ft.,Cutting Layup Shot,2,0
-142,-17,0,2PT Field Goal,Mid-Range,Left Side(L),8-16 ft.,Turnaround Fadeaway shot,2,0
-9,11,0,2PT Field Goal,Restricted Area,Center(C),Less Than 8 ft.,Driving Layup Shot,2,0
6,7,1,2PT Field Goal,Restricted Area,Center(C),Less Than 8 ft.,Reverse Layup Shot,2,2
-15,-6,1,2PT Field Goal,Restricted Area,Center(C),Less Than 8 ft.,Running Layup Shot,2,2
-94,270,0,3PT Field Goal,Above the Break 3,Left Side Center(LC),24+ ft.,Pullup Jump shot,3,0
-143,210,0,3PT Field Goal,Above the Break 3,Left Side Center(LC),24+ ft.,Pullup Jump shot,3,0
173,199,1,3PT Field Goal,Above the Break 3,Right Side Center(RC),24+ ft.,Pullup Jump shot,3,3
219,125,0,3PT Field Goal,Above the Break 3,Right Side Center(RC),24+ ft.,Step Back Jump shot,3,0
-2,20,1,2PT Field Goal,Restricted Area,Center(C),Less Than 8 ft.,Driving Layup Shot,2,2
