TEAM_ID,TEAM_NAME,GP,W,L,W_PCT,MIN,FGM,FGA,FG_PCT,FG3M,FG3A,FG3_PCT,FTM,FTA,FT_PCT,OREB,DREB,REB,AST,TOV,STL,BLK,BLKA,PF,PFD,PTS,PLUS_MINUS,GP_RANK,W_RANK,L_RANK,W_PCT_RANK,MIN_RANK,FGM_RANK,FGA_RANK,FG_PCT_RANK,FG3M_RANK,FG3A_RANK,FG3_PCT_RANK,FTM_RANK,FTA_RANK,FT_PCT_RANK,OREB_RANK,DREB_RANK,REB_RANK,AST_RANK,TOV_RANK,STL_RANK,BLK_RANK,BLKA_RANK,PF_RANK,PFD_RANK,PTS_RANK,PLUS_MINUS_RANK,TEAM_NAME_ADV,GP_ADV,W_ADV,L_ADV,W_PCT_ADV,MIN_ADV,E_OFF_RATING,OFF_RATING,E_DEF_RATING,DEF_RATING,E_NET_RATING,NET_RATING,AST_PCT,AST_TO,AST_RATIO,OREB_PCT,DREB_PCT,REB_PCT,TM_TOV_PCT,EFG_PCT,TS_PCT,E_PACE,PACE,PACE_PER40,POSS,PIE,GP_RANK_ADV,W_RANK_ADV,L_RANK_ADV,W_PCT_RANK_ADV,MIN_RANK_ADV,OFF_RATING_RANK,DEF_RATING_RANK,NET_RATING_RANK,AST_PCT_RANK,AST_TO_RANK,AST_RATIO_RANK,OREB_PCT_RANK,DREB_PCT_RANK,REB_PCT_RANK,TM_TOV_PCT_RANK,EFG_PCT_RANK,TS_PCT_RANK,PACE_RANK,PIE_RANK,TEAM_NAME_FF,GP_FF,W_FF,L_FF,W_PCT_FF,MIN_FF,EFG_PCT_FF,FTA_RATE,TM_TOV_PCT_FF,OREB_PCT_FF,OPP_EFG_PCT,OPP_FTA_RATE,OPP_TOV_PCT,OPP_OREB_PCT,GP_RANK_FF,W_RANK_FF,L_RANK_FF,W_PCT_RANK_FF,MIN_RANK_FF,EFG_PCT_RANK_FF,FTA_RATE_RANK,TM_TOV_PCT_RANK_FF,OREB_PCT_RANK_FF,OPP_EFG_PCT_RANK,OPP_FTA_RATE_RANK,OPP_TOV_PCT_RANK,OPP_OREB_PCT_RANK,TEAM_NAME_OPP,GP_OPP,W_OPP,L_OPP,W_PCT_OPP,MIN_OPP,OPP_FGM,OPP_FGA,OPP_FG_PCT,OPP_FG3M,OPP_FG3A,OPP_FG3_PCT,OPP_FTM,OPP_FTA,OPP_FT_PCT,OPP_OREB,OPP_DREB,OPP_REB,OPP_AST,OPP_TOV,OPP_STL,OPP_BLK,OPP_BLKA,OPP_PF,OPP_PFD,OPP_PTS,PLUS_MINUS_OPP,GP_RANK_OPP,W_RANK_OPP,L_RANK_OPP,W_PCT_RANK_OPP,MIN_RANK_OPP,OPP_FGM_RANK,OPP_FGA_RANK,OPP_FG_PCT_RANK,OPP_FG3M_RANK,OPP_FG3A_RANK,OPP_FG3_PCT_RANK,OPP_FTM_RANK,OPP_FTA_RANK,OPP_FT_PCT_RANK,OPP_OREB_RANK,OPP_DREB_RANK,OPP_REB_RANK,OPP_AST_RANK,OPP_TOV_RANK,OPP_STL_RANK,OPP_BLK_RANK,OPP_BLKA_RANK,OPP_PF_RANK,OPP_PFD_RANK,OPP_PTS_RANK,PLUS_MINUS_RANK_OPP,TEAM_NAME_DEF,GP_DEF,W_DEF,L_DEF,W_PCT_DEF,MIN_DEF,DEF_RATING_DEF,DREB_DEF,DREB_PCT_DEF,STL_DEF,BLK_DEF,OPP_PTS_OFF_TOV,OPP_PTS_2ND_CHANCE,OPP_PTS_FB,OPP_PTS_PAINT,GP_RANK_DEF,W_RANK_DEF,L_RANK_DEF,W_PCT_RANK_DEF,MIN_RANK_DEF,DEF_RATING_RANK_DEF,DREB_RANK_DEF,DREB_PCT_RANK_DEF,STL_RANK_DEF,BLK_RANK_DEF,OPP_PTS_OFF_TOV_RANK,OPP_PTS_2ND_CHANCE_RANK,OPP_PTS_FB_RANK,OPP_PTS_PAINT_RANK,OPP_FT_RATE
1610612737,Atlanta Hawks,82,46,36,0.561,3951.0,3575,7541,0.474,1201,3237,0.371,1363,1762,0.774,900,2670,3570,2471,1162.0,768,384,402,1612,1515,9714,198.0,1,11,11,11,14,2,2,13,6,9,5,26,24,20,18,13,18,1,10,5,18,17,14,26,6,12,Atlanta Hawks,82,46,36,0.561,3951.0,113.2,115.0,111.0,112.9,2.3,2.2,0.691,2.13,20.4,0.291,0.702,0.495,0.138,0.554,0.584,104.2,102.5,85.42,8444,0.51,1,11,11,11,14,14,10,12,4,3,2,20,9,17,8,10,12,5,14,Atlanta Hawks,82,46,36,0.561,3951.0,0.554,0.234,0.138,0.291,0.546,0.26,0.156,0.298,1,11,11,11,14,10,27,8,20,18,14,6,9,Atlanta Hawks,82,46,36,0.561,3951.0,3473.0,7334.0,0.474,1056.0,2973.0,0.355,1514.0,1906.0,0.794,914.0,2796.0,3710.0,2185.0,1317.0,695.0,402.0,384.0,1515.0,1612.0,9516.0,-198.0,1,11,11,11,14,18,18,18,13,11,12,15,14,24,11,25,21,15,5,16,17,18,5,17,18,12,Atlanta Hawks,82,46,36,0.561,3951.0,112.9,2670,0.702,768,384,1436.0,1177.0,1324.0,4256.0,1,11,11,11,14,10,13,9,5,18,12,10,24,20,0.26
1610612738,Boston Celtics,82,56,26,0.683,3946.0,3456,7398,0.467,1268,3456,0.367,1238,1534,0.807,1025,2777,3802,2021,1014.0,585,410,339,1562,1508,9418,631.0,1,4,4,4,26,14,9,16,3,4,8,29,30,7,7,7,3,27,1,28,11,3,9,27,19,4,Boston Celtics,82,56,26,0.683,3946.0,116.8,120.0,109.7,111.7,7.1,8.3,0.585,1.99,18.0,0.336,0.71,0.525,0.129,0.553,0.583,97.7,95.58,79.65,7850,0.536,1,4,4,4,26,2,4,4,30,9,22,5,6,3,3,11,13,30,4,Boston Celtics,82,56,26,0.683,3946.0,0.553,0.207,0.129,0.336,0.523,0.245,0.129,0.29,1,4,4,4,26,11,30,3,5,4,6,26,6,Boston Celtics,82,56,26,0.683,3946.0,3145.0,7115.0,0.442,1149.0,3208.0,0.358,1348.0,1740.0,0.775,890.0,2489.0,3379.0,2029.0,1018.0,505.0,339.0,410.0,1508.0,1562.0,8787.0,-631.0,1,4,4,4,26,2,6,2,23,26,16,4,4,8,6,5,6,4,29,1,3,11,4,22,1,4,Boston Celtics,82,56,26,0.683,3946.0,111.7,2777,0.71,585,410,1201.0,1159.0,1130.0,3292.0,1,4,4,4,26,4,7,6,28,11,1,6,5,1,0.245
1610612751,Brooklyn Nets,82,20,62,0.244,3951.0,3071,6933,0.443,1073,3152,0.34,1471,1885,0.78,847,2378,3225,2050,1292.0,653,350,436,1728,1595,8686,-819.0,1,28,28,28,14,30,28,30,18,11,30,18,18,16,24,30,30,26,29,22,23,23,26,21,30,28,Brooklyn Nets,82,20,62,0.244,3951.0,105.8,108.2,116.0,118.2,-10.2,-10.0,0.668,1.59,18.3,0.287,0.687,0.478,0.161,0.52,0.559,99.6,97.6,81.34,8028,0.436,1,28,28,28,14,30,25,29,8,29,20,21,22,27,29,30,30,26,29,Brooklyn Nets,82,20,62,0.244,3951.0,0.52,0.272,0.161,0.287,0.571,0.29,0.148,0.313,1,28,28,28,14,30,13,29,21,28,27,11,22,Brooklyn Nets,82,20,62,0.244,3951.0,3457.0,6949.0,0.497,1027.0,2696.0,0.381,1564.0,2018.0,0.775,834.0,2739.0,3573.0,2254.0,1189.0,750.0,436.0,350.0,1595.0,1728.0,9505.0,819.0,1,28,28,28,14,17,1,30,6,1,30,22,24,9,2,22,14,19,16,27,23,23,9,5,17,28,Brooklyn Nets,82,20,62,0.244,3951.0,118.2,2378,0.687,653,350,1599.0,1182.0,1428.0,4352.0,1,28,28,28,14,25,30,22,22,23,26,11,28,24,0.29
1610612766,Charlotte Hornets,82,44,38,0.537,3951.0,3357,7292,0.46,1343,3549,0.378,1456,1780,0.818,1048,2730,3778,2160,1264.0,577,370,364,1564,1626,9513,396.0,1,16,16,16,14,24,21,25,1,2,3,20,23,2,5,8,5,15,25,29,21,9,10,18,13,8,Charlotte Hornets,82,44,38,0.537,3951.0,114.7,118.4,111.9,113.5,2.9,4.9,0.643,1.71,18.6,0.358,0.722,0.539,0.157,0.552,0.589,99.9,97.59,81.33,8033,0.516,1,16,16,16,14,5,11,8,14,23,16,2,2,2,28,12,10,27,10,Charlotte Hornets,82,44,38,0.537,3951.0,0.552,0.244,0.157,0.358,0.54,0.232,0.13,0.278,1,16,16,16,14,12,23,28,2,7,2,25,2,Charlotte Hornets,82,44,38,0.537,3951.0,3364.0,7208.0,0.467,1051.0,2924.0,0.359,1338.0,1671.0,0.801,835.0,2386.0,3221.0,2126.0,1041.0,672.0,364.0,370.0,1627.0,1564.0,9117.0,-396.0,1,16,16,16,14,8,10,10,12,8,18,2,1,28,3,2,1,9,28,12,9,21,13,21,7,8,Charlotte Hornets,82,44,38,0.537,3951.0,113.5,2730,0.722,577,370,1474.0,1116.0,1254.0,4056.0,1,16,16,16,14,11,8,2,29,21,15,3,15,12,0.232
1610612741,Chicago Bulls,82,31,51,0.378,3951.0,3476,7417,0.469,1169,3287,0.356,1416,1824,0.776,849,2845,3694,2335,1257.0,627,410,457,1561,1545,9537,-427.0,1,22,22,22,14,13,6,14,9,6,19,23,22,18,23,2,9,7,23,23,11,26,8,24,12,22,Chicago Bulls,82,31,51,0.378,3951.0,110.5,112.1,115.1,117.4,-4.6,-5.3,0.672,1.86,19.5,0.279,0.708,0.496,0.148,0.547,0.58,105.0,103.22,86.01,8506,0.48,1,22,22,22,14,25,22,23,7,13,8,26,7,16,21,14,16,3,21,Chicago Bulls,82,31,51,0.378,3951.0,0.547,0.246,0.148,0.279,0.553,0.245,0.125,0.292,1,22,22,22,14,14,22,21,26,21,7,29,7,Chicago Bulls,82,31,51,0.378,3951.0,3676.0,7687.0,0.478,1153.0,3133.0,0.368,1459.0,1884.0,0.774,925.0,2824.0,3749.0,2358.0,1063.0,747.0,457.0,410.0,1545.0,1561.0,9964.0,427.0,1,22,22,22,14,27,29,22,25,21,23,11,12,7,16,26,23,28,27,26,26,11,7,23,28,22,Chicago Bulls,82,31,51,0.378,3951.0,117.4,2845,0.708,627,410,1517.0,1320.0,1297.0,4440.0,1,22,22,22,14,22,2,7,23,11,21,27,21,27,0.245
1610612739,Cleveland Cavaliers,82,52,30,0.634,3951.0,3554,7381,0.482,1173,3261,0.36,1520,1959,0.776,961,2682,3643,2321,1147.0,697,409,354,1605,1683,9801,337.0,1,8,8,8,14,6,12,8,8,7,13,15,14,19,12,12,11,8,9,16,13,6,12,7,4,9,Cleveland Cavaliers,82,52,30,0.634,3951.0,116.3,118.3,111.9,114.1,4.4,4.1,0.653,2.02,19.7,0.307,0.692,0.502,0.138,0.561,0.595,102.6,100.7,83.91,8286,0.522,1,8,8,8,14,6,15,9,11,7,6,9,18,10,9,5,6,13,9,Cleveland Cavaliers,82,52,30,0.634,3951.0,0.561,0.265,0.138,0.307,0.543,0.263,0.149,0.308,1,8,8,8,14,5,15,9,9,15,16,10,18,Cleveland Cavaliers,82,52,30,0.634,3951.0,3387.0,7303.0,0.464,1163.0,3127.0,0.372,1527.0,1922.0,0.794,923.0,2616.0,3539.0,2208.0,1233.0,708.0,354.0,409.0,1684.0,1605.0,9464.0,-337.0,1,8,8,8,14,11,16,8,26,20,26,18,15,25,14,11,12,16,10,17,6,13,24,19,15,9,Cleveland Cavaliers,82,52,30,0.634,3951.0,114.1,2682,0.692,697,409,1450.0,1182.0,1271.0,3736.0,1,8,8,8,14,15,12,18,16,13,13,11,17,5,0.263
1610612742,Dallas Mavericks,82,26,56,0.317,3971.0,3432,7366,0.466,899,2615,0.344,1595,2113,0.755,863,2803,3666,2072,1193.0,619,423,432,1508,1723,9358,-452.0,1,23,23,23,4,17,14,19,29,27,26,10,5,28,22,6,10,22,18,24,10,21,2,5,23,23,Dallas Mavericks,82,26,56,0.317,3971.0,108.5,110.3,113.9,115.5,-5.4,-5.2,0.604,1.74,17.7,0.279,0.702,0.492,0.141,0.527,0.564,104.2,102.62,85.52,8484,0.477,1,23,23,23,4,27,19,22,22,22,24,27,10,18,13,28,28,4,23,Dallas Mavericks,82,26,56,0.317,3971.0,0.527,0.287,0.141,0.279,0.546,0.238,0.129,0.298,1,23,23,23,4,28,6,13,27,19,3,27,10,Dallas Mavericks,82,26,56,0.317,3971.0,3676.0,7695.0,0.478,1050.0,2996.0,0.35,1408.0,1828.0,0.77,980.0,2855.0,3835.0,2325.0,1096.0,721.0,432.0,423.0,1723.0,1508.0,9810.0,452.0,1,23,23,23,4,27,30,21,10,15,6,7,9,3,25,28,28,27,24,20,21,10,26,29,23,23,Dallas Mavericks,82,26,56,0.317,3971.0,115.5,2803,0.702,619,423,1410.0,1238.0,1322.0,4610.0,1,23,23,23,4,19,6,10,24,10,11,18,23,30,0.238
1610612743,Denver Nuggets,82,54,28,0.659,3986.0,3570,7196,0.496,1161,2934,0.396,1709,2116,0.808,801,2805,3606,2375,1057.0,560,325,380,1569,1759,10010,422.0,1,5,5,5,1,3,26,2,11,20,1,2,4,5,26,5,14,4,3,30,28,13,11,3,1,7,Denver Nuggets,82,54,28,0.659,3986.0,119.4,121.2,114.7,116.0,4.7,5.2,0.665,2.25,20.3,0.286,0.717,0.511,0.128,0.577,0.616,100.8,99.49,82.91,8259,0.529,1,5,5,5,1,1,21,7,9,1,3,22,3,8,2,1,1,20,7,Denver Nuggets,82,54,28,0.659,3986.0,0.577,0.294,0.128,0.286,0.543,0.254,0.117,0.283,1,5,5,5,1,1,4,2,22,14,12,30,3,Denver Nuggets,82,54,28,0.659,3986.0,3503.0,7481.0,0.468,1119.0,3208.0,0.349,1463.0,1898.0,0.771,922.0,2590.0,3512.0,2254.0,966.0,642.0,380.0,325.0,1760.0,1569.0,9588.0,-422.0,1,5,5,5,1,21,25,13,18,26,3,12,13,4,13,9,9,19,30,7,13,28,28,20,21,7,Denver Nuggets,82,54,28,0.659,3986.0,116.0,2805,0.717,560,325,1395.0,1123.0,1271.0,4118.0,1,5,5,5,1,21,5,3,30,28,10,5,17,14,0.254
1610612765,Detroit Pistons,82,60,22,0.732,3961.0,3560,7340,0.485,902,2534,0.356,1635,2144,0.763,1073,2663,3736,2281,1241.0,856,523,476,1803,1745,9657,669.0,1,3,3,3,8,5,16,3,28,29,17,7,3,27,3,14,8,11,21,1,1,29,30,4,8,3,Detroit Pistons,82,60,22,0.732,3961.0,114.3,117.3,106.6,108.9,7.6,8.4,0.641,1.84,19.1,0.354,0.689,0.524,0.151,0.546,0.583,102.3,99.88,83.23,8231,0.552,1,3,3,3,8,9,2,2,16,16,13,3,20,4,23,15,14,19,2,Detroit Pistons,82,60,22,0.732,3961.0,0.546,0.292,0.151,0.354,0.517,0.319,0.168,0.311,1,3,3,3,8,15,5,23,3,1,30,1,20,Detroit Pistons,82,60,22,0.732,3961.0,3096.0,6988.0,0.443,1040.0,3015.0,0.345,1756.0,2228.0,0.788,924.0,2400.0,3324.0,1925.0,1385.0,727.0,476.0,523.0,1745.0,1803.0,8988.0,-669.0,1,3,3,3,8,1,2,3,9,16,1,30,30,18,15,3,3,1,1,23,29,1,27,1,3,3,Detroit Pistons,82,60,22,0.732,3961.0,108.9,2663,0.689,856,523,1391.0,1234.0,1097.0,3582.0,1,3,3,3,8,2,14,20,1,1,9,17,4,4,0.319
1610612744,Golden State Warriors,82,37,45,0.451,3961.0,3357,7280,0.461,1286,3616,0.356,1398,1732,0.807,932,2540,3472,2369,1284.0,796,346,342,1608,1524,9398,-46.0,1,20,20,20,8,24,22,24,2,1,20,24,27,6,15,25,21,6,27,2,26,5,13,25,22,20,Golden State Warriors,82,37,45,0.451,3961.0,112.0,113.8,112.6,114.4,-0.6,-0.5,0.706,1.85,20.0,0.302,0.684,0.49,0.156,0.549,0.584,101.7,100.05,83.37,8255,0.495,1,20,20,20,8,19,16,20,1,15,4,13,24,24,26,13,11,18,19,Golden State Warriors,82,37,45,0.451,3961.0,0.549,0.238,0.156,0.302,0.553,0.247,0.158,0.316,1,20,20,20,8,13,24,26,13,20,8,5,24,Golden State Warriors,82,37,45,0.451,3961.0,3474.0,7240.0,0.48,1060.0,2942.0,0.36,1436.0,1790.0,0.802,944.0,2684.0,3628.0,2220.0,1304.0,722.0,342.0,346.0,1524.0,1608.0,9444.0,46.0,1,20,20,20,8,19,13,23,14,9,19,9,6,29,18,15,18,17,6,21,5,26,6,18,14,20,Golden State Warriors,82,37,45,0.451,3961.0,114.4,2540,0.684,796,346,1637.0,1285.0,1285.0,4172.0,1,20,20,20,8,16,25,24,2,26,27,23,20,16,0.247
1610612745,Houston Rockets,82,52,30,0.634,3981.0,3523,7362,0.479,940,2580,0.364,1463,1917,0.763,1233,2713,3946,2083,1261.0,701,473,386,1501,1640,9449,428.0,1,8,8,8,2,8,15,10,25,28,10,19,16,25,1,9,1,21,24,14,3,14,1,15,18,6,Houston Rockets,82,52,30,0.634,3981.0,114.8,117.5,110.2,112.1,4.6,5.4,0.591,1.65,17.8,0.388,0.701,0.545,0.157,0.542,0.576,99.0,96.98,80.82,8042,0.533,1,8,8,8,2,8,6,6,27,27,23,1,11,1,27,17,19,29,6,Houston Rockets,82,52,30,0.634,3981.0,0.542,0.26,0.157,0.388,0.53,0.251,0.137,0.299,1,8,8,8,2,17,18,27,1,6,11,21,11,Houston Rockets,82,52,30,0.634,3981.0,3320.0,7217.0,0.46,1014.0,2892.0,0.351,1367.0,1809.0,0.756,928.0,2309.0,3237.0,2011.0,1102.0,738.0,386.0,473.0,1640.0,1501.0,9021.0,-428.0,1,8,8,8,2,7,11,6,5,7,7,5,8,2,17,1,2,3,23,25,14,3,16,30,4,6,Houston Rockets,82,52,30,0.634,3981.0,112.1,2713,0.701,701,473,1544.0,1274.0,1233.0,4034.0,1,8,8,8,2,6,9,11,14,3,24,21,13,11,0.251
1610612754,Indiana Pacers,82,19,63,0.232,3951.0,3346,7304,0.458,1097,3084,0.356,1430,1842,0.776,806,2633,3439,2269,1190.0,605,374,390,1710,1633,9219,-655.0,1,29,29,29,14,27,19,26,17,16,18,22,21,17,25,16,25,12,17,27,19,16,23,17,27,26,Indiana Pacers,82,19,63,0.232,3951.0,108.5,110.1,115.7,117.9,-7.3,-7.8,0.678,1.91,19.4,0.263,0.695,0.475,0.142,0.533,0.568,103.4,101.78,84.81,8377,0.465,1,29,29,29,14,28,24,26,5,11,11,29,14,29,14,23,25,7,25,Indiana Pacers,82,19,63,0.232,3951.0,0.533,0.252,0.142,0.263,0.556,0.282,0.132,0.305,1,29,29,29,14,23,20,14,29,24,24,24,14,Indiana Pacers,82,19,63,0.232,3951.0,3630.0,7424.0,0.489,993.0,2794.0,0.355,1621.0,2096.0,0.773,921.0,2905.0,3826.0,2168.0,1106.0,668.0,390.0,374.0,1633.0,1710.0,9874.0,655.0,1,29,29,29,14,26,21,27,2,3,14,26,27,5,12,30,27,14,22,11,16,19,14,7,25,26,Indiana Pacers,82,19,63,0.232,3951.0,117.9,2633,0.695,605,374,1495.0,1240.0,1199.0,4568.0,1,29,29,29,14,24,16,14,27,19,20,19,10,29,0.282
1610612746,LA Clippers,82,42,40,0.512,3955.998333,3322,6857,0.484,1019,2772,0.368,1666,2025,0.823,784,2545,3329,1947,1176.0,738,400,377,1549,1646,9329,93.0,1,18,18,18,12,29,30,4,21,23,7,4,12,1,27,24,29,30,14,7,14,12,6,14,24,16,LA Clippers,82,42,40,0.512,3956.0,114.6,116.3,112.8,115.2,1.8,1.1,0.586,1.66,17.7,0.284,0.681,0.49,0.147,0.559,0.602,99.1,97.29,81.07,8019,0.508,1,18,18,18,12,11,18,16,29,26,25,25,25,23,18,8,3,28,15,LA Clippers,82,42,40,0.512,3956.0,0.559,0.295,0.147,0.284,0.545,0.248,0.146,0.319,1,18,18,18,12,8,3,18,25,16,10,16,25,LA Clippers,82,42,40,0.512,3955.998333,3365.0,7177.0,0.469,1089.0,2988.0,0.364,1417.0,1781.0,0.796,946.0,2528.0,3474.0,2144.0,1174.0,693.0,377.0,400.0,1646.0,1549.0,9236.0,-93.0,1,18,18,18,12,9,7,14,16,13,22,8,5,26,19,7,7,11,19,15,12,14,17,25,10,16,LA Clippers,82,42,40,0.512,3955.998333,115.2,2545,0.681,738,400,1493.0,1227.0,1212.0,3994.0,1,18,18,18,12,18,24,25,7,14,18,15,12,10,0.248
1610612747,Los Angeles Lakers,82,53,29,0.646,3941.0,3448,6863,0.502,970,2701,0.359,1674,2194,0.763,774,2587,3361,2122,1188.0,701,351,283,1517,1721,9540,144.0,1,6,6,6,29,16,29,1,23,24,14,3,2,26,29,22,27,17,15,14,22,1,3,6,11,14,Los Angeles Lakers,82,53,29,0.646,3941.0,115.7,117.0,113.3,115.5,2.4,1.5,0.615,1.79,18.7,0.285,0.7,0.499,0.146,0.573,0.609,100.7,99.22,82.68,8156,0.513,1,6,6,6,29,10,20,14,19,18,15,24,12,12,17,2,2,22,13,Los Angeles Lakers,82,53,29,0.646,3941.0,0.573,0.32,0.146,0.285,0.555,0.241,0.147,0.3,1,6,6,6,29,2,1,17,24,23,5,13,12,Los Angeles Lakers,82,53,29,0.646,3941.0,3485.0,7221.0,0.483,1050.0,2982.0,0.352,1376.0,1737.0,0.792,893.0,2467.0,3360.0,2250.0,1198.0,731.0,283.0,351.0,1721.0,1517.0,9396.0,-144.0,1,6,6,6,29,20,12,24,10,12,9,6,3,22,7,4,5,18,14,24,1,22,25,28,11,14,Los Angeles Lakers,82,53,29,0.646,3941.0,115.5,2587,0.7,701,351,1485.0,1209.0,1211.0,4222.0,1,6,6,6,29,20,22,12,14,22,17,13,11,19,0.241
1610612763,Memphis Grizzlies,82,25,57,0.305,3946.0,3390,7431,0.456,1143,3241,0.353,1480,1867,0.793,916,2538,3454,2283,1236.0,723,393,434,1680,1599,9403,-493.0,1,25,25,25,26,21,4,27,12,8,22,16,20,9,16,26,23,10,20,10,16,22,21,20,20,24,Memphis Grizzlies,82,25,57,0.305,3946.0,109.7,112.4,115.8,118.4,-6.1,-6.0,0.673,1.85,19.2,0.301,0.663,0.478,0.148,0.533,0.57,104.1,101.69,84.74,8365,0.47,1,25,25,25,26,23,27,24,6,14,12,15,30,28,20,24,23,8,24,Memphis Grizzlies,82,25,57,0.305,3946.0,0.533,0.251,0.148,0.301,0.562,0.262,0.152,0.337,1,25,25,25,26,24,21,20,15,26,15,8,30,Memphis Grizzlies,82,25,57,0.305,3946.0,3615.0,7458.0,0.485,1151.0,3162.0,0.364,1515.0,1954.0,0.775,1044.0,2792.0,3836.0,2314.0,1272.0,724.0,434.0,393.0,1599.0,1680.0,9896.0,493.0,1,25,25,25,26,25,22,25,24,23,21,16,18,10,29,24,29,26,8,22,22,16,11,10,26,24,Memphis Grizzlies,82,25,57,0.305,3946.0,118.4,2538,0.663,723,393,1560.0,1485.0,1243.0,4422.0,1,25,25,25,26,27,26,30,10,16,25,30,14,26,0.262
1610612748,Miami Heat,82,43,39,0.524,3940.971667,3582,7648,0.468,1123,3107,0.361,1624,2051,0.792,970,2825,3795,2374,1120.0,709,349,402,1547,1668,9911,191.0,1,17,17,17,30,1,1,15,15,15,11,9,10,11,10,4,4,5,7,13,24,17,5,10,2,13,Miami Heat,82,43,39,0.524,3941.0,113.9,115.8,111.5,113.6,2.4,2.1,0.663,2.12,19.5,0.296,0.703,0.499,0.131,0.542,0.58,106.1,104.22,86.85,8561,0.514,1,17,17,17,30,12,14,13,10,4,9,19,8,13,4,18,17,1,12,Miami Heat,82,43,39,0.524,3941.0,0.542,0.268,0.131,0.296,0.54,0.24,0.144,0.297,1,17,17,17,30,18,14,4,19,9,4,17,8,Miami Heat,82,43,39,0.524,3940.971667,3550.0,7629.0,0.465,1146.0,3196.0,0.359,1474.0,1834.0,0.804,949.0,2855.0,3804.0,2254.0,1233.0,647.0,402.0,349.0,1668.0,1547.0,9720.0,-191.0,1,17,17,17,30,22,28,9,22,25,17,13,10,30,20,28,26,19,10,8,17,24,20,26,22,13,Miami Heat,82,43,39,0.524,3940.971667,113.6,2825,0.703,709,349,1344.0,1247.0,1196.0,4262.0,1,17,17,17,30,14,4,8,13,24,5,20,9,21,0.24
1610612749,Milwaukee Bucks,82,32,50,0.39,3951.0,3345,7012,0.477,1240,3205,0.387,1142,1564,0.73,731,2610,3341,2116,1247.0,607,326,340,1617,1443,9072,-509.0,1,21,21,21,14,28,27,12,4,10,2,30,29,30,30,19,28,18,22,26,27,4,16,30,29,25,Milwaukee Bucks,82,32,50,0.39,3951.0,110.4,112.2,116.4,118.3,-6.0,-6.1,0.633,1.7,18.9,0.263,0.695,0.482,0.154,0.565,0.589,99.9,98.33,81.94,8087,0.464,1,21,21,21,14,24,26,25,17,25,14,30,15,26,25,3,9,23,26,Milwaukee Bucks,82,32,50,0.39,3951.0,0.565,0.223,0.154,0.263,0.558,0.274,0.132,0.305,1,21,21,21,14,3,29,25,30,25,21,23,15,Milwaukee Bucks,82,32,50,0.39,3951.0,3407.0,7198.0,0.473,1216.0,3241.0,0.375,1551.0,1975.0,0.785,910.0,2736.0,3646.0,2284.0,1071.0,712.0,340.0,326.0,1443.0,1617.0,9581.0,509.0,1,21,21,21,14,13,9,17,29,28,28,19,20,16,9,21,19,23,25,18,4,27,1,15,20,25,Milwaukee Bucks,82,32,50,0.39,3951.0,118.3,2610,0.695,607,326,1525.0,1175.0,1275.0,3748.0,1,21,21,21,14,26,19,15,26,27,22,8,19,6,0.274
1610612750,Minnesota Timberwolves,82,49,33,0.598,3956.0,3495,7260,0.481,1128,3049,0.37,1558,2072,0.752,907,2708,3615,2138,1214.0,717,476,337,1738,1677,9676,275.0,1,10,10,10,11,10,23,9,14,17,6,13,7,29,17,10,13,16,19,12,2,2,28,8,7,10,Minnesota Timberwolves,82,49,33,0.598,3956.0,114.1,115.6,110.2,112.5,4.0,3.1,0.612,1.76,18.3,0.302,0.691,0.499,0.145,0.559,0.592,103.2,101.5,84.59,8372,0.516,1,10,10,10,11,13,8,10,21,21,19,14,19,11,16,6,7,10,11,Minnesota Timberwolves,82,49,33,0.598,3956.0,0.559,0.285,0.145,0.302,0.529,0.282,0.147,0.309,1,10,10,10,11,6,7,16,14,5,25,12,19,Minnesota Timberwolves,82,49,33,0.598,3956.0,3395.0,7352.0,0.462,990.0,2786.0,0.355,1621.0,2076.0,0.781,964.0,2623.0,3587.0,2136.0,1232.0,683.0,337.0,476.0,1677.0,1738.0,9401.0,-275.0,1,10,10,10,11,12,20,7,1,2,13,26,26,13,21,13,16,10,12,14,2,2,23,3,12,10,Minnesota Timberwolves,82,49,33,0.598,3956.0,112.5,2708,0.691,717,476,1471.0,1227.0,1192.0,4200.0,1,10,10,10,11,8,10,19,12,2,14,15,8,18,0.282
1610612740,New Orleans Pelicans,82,26,56,0.317,3960.971667,3455,7420,0.466,914,2635,0.347,1649,2104,0.784,1002,2596,3598,2058,1163.0,726,424,475,1634,1659,9473,-369.0,1,23,23,23,10,15,5,20,27,25,24,5,6,14,8,21,15,24,12,9,9,28,17,12,16,21,New Orleans Pelicans,82,26,56,0.317,3961.0,111.4,113.3,115.5,117.6,-4.2,-4.4,0.596,1.77,17.6,0.311,0.674,0.491,0.139,0.527,0.568,103.2,101.37,84.47,8363,0.48,1,23,23,23,10,20,23,21,26,20,28,8,28,20,10,27,26,11,22,New Orleans Pelicans,82,26,56,0.317,3961.0,0.527,0.284,0.139,0.311,0.555,0.258,0.142,0.326,1,23,23,23,10,27,8,10,8,22,13,18,28,New Orleans Pelicans,82,26,56,0.317,3960.971667,3589.0,7519.0,0.477,1164.0,3323.0,0.35,1500.0,1939.0,0.774,1040.0,2715.0,3755.0,2307.0,1187.0,656.0,475.0,424.0,1659.0,1634.0,9842.0,369.0,1,23,23,23,10,23,26,20,27,29,5,14,17,6,28,18,25,25,17,10,28,9,18,13,24,21,New Orleans Pelicans,82,26,56,0.317,3960.971667,117.6,2596,0.674,726,424,1530.0,1364.0,1368.0,4356.0,1,23,23,23,10,23,21,28,9,9,23,28,26,25,0.258
1610612752,New York Knicks,82,53,29,0.646,3951.0,3500,7328,0.478,1168,3133,0.373,1381,1743,0.792,1040,2700,3740,2250,1119.0,666,322,355,1638,1595,9549,519.0,1,6,6,6,14,9,17,11,10,12,4,25,25,10,6,11,7,13,6,19,29,7,19,21,10,5,New York Knicks,82,53,29,0.646,3951.0,116.8,118.7,110.2,112.3,6.6,6.4,0.643,2.01,19.4,0.328,0.715,0.522,0.139,0.557,0.59,99.4,97.71,81.43,8046,0.533,1,6,6,6,14,4,7,5,15,8,10,7,4,5,11,9,8,25,5,New York Knicks,82,53,29,0.646,3951.0,0.557,0.238,0.139,0.328,0.541,0.265,0.147,0.285,1,6,6,6,14,9,25,11,7,10,17,15,4,New York Knicks,82,53,29,0.646,3951.0,3223.0,7014.0,0.46,1138.0,3145.0,0.362,1446.0,1859.0,0.778,819.0,2505.0,3324.0,2050.0,1180.0,596.0,355.0,322.0,1595.0,1638.0,9030.0,-519.0,1,6,6,6,14,4,4,5,21,22,20,10,11,12,1,6,3,6,18,2,7,29,9,12,5,5,New York Knicks,82,53,29,0.646,3951.0,112.3,2700,0.715,666,322,1358.0,1075.0,1151.0,3558.0,1,6,6,6,14,7,11,4,19,29,6,1,6,3,0.265
1610612760,Oklahoma City Thunder,82,64,18,0.78,3971.0,3534,7307,0.484,1135,3111,0.365,1557,1905,0.817,784,2834,3618,2113,1031.0,796,449,358,1555,1670,9760,914.0,1,1,1,1,4,7,18,5,13,13,9,14,17,3,27,3,12,19,2,2,6,8,7,9,5,1,Oklahoma City Thunder,82,64,18,0.78,3971.0,116.3,117.6,104.8,106.5,11.5,11.1,0.598,2.05,18.5,0.264,0.697,0.49,0.124,0.561,0.599,101.7,100.37,83.64,8301,0.562,1,1,1,1,4,7,1,1,25,6,18,28,13,22,1,4,4,16,1,Oklahoma City Thunder,82,64,18,0.78,3971.0,0.561,0.261,0.124,0.264,0.519,0.248,0.165,0.303,1,1,1,1,4,4,17,1,28,2,9,2,13,Oklahoma City Thunder,82,64,18,0.78,3971.0,3170.0,7247.0,0.437,1176.0,3189.0,0.369,1330.0,1798.0,0.74,973.0,2732.0,3705.0,2046.0,1372.0,622.0,358.0,449.0,1670.0,1555.0,8846.0,-914.0,1,1,1,1,4,3,14,1,28,24,25,1,7,1,24,20,20,5,2,4,8,6,22,24,2,1,Oklahoma City Thunder,82,64,18,0.78,3971.0,106.5,2834,0.697,796,449,1209.0,1176.0,983.0,3408.0,1,1,1,1,4,1,3,13,2,6,2,9,1,2,0.248
1610612753,Orlando Magic,82,45,37,0.549,3966.0,3363,7244,0.464,961,2799,0.343,1804,2251,0.801,898,2659,3557,2177,1162.0,697,387,441,1719,1792,9491,52.0,1,13,13,13,6,22,25,21,24,22,27,1,1,8,20,15,19,14,10,16,17,24,25,2,15,17,Orlando Magic,82,45,37,0.549,3966.0,111.7,114.2,111.6,113.6,0.1,0.6,0.647,1.87,18.6,0.306,0.71,0.505,0.14,0.531,0.576,102.6,100.56,83.8,8310,0.505,1,13,13,13,6,18,13,17,12,12,17,12,5,9,12,25,18,14,16,Orlando Magic,82,45,37,0.549,3966.0,0.531,0.311,0.14,0.306,0.545,0.285,0.147,0.29,1,13,13,13,6,25,2,12,12,17,26,14,5,Orlando Magic,82,45,37,0.549,3966.0,3421.0,7191.0,0.476,993.0,2813.0,0.353,1604.0,2053.0,0.781,858.0,2694.0,3552.0,2071.0,1221.0,675.0,441.0,387.0,1792.0,1719.0,9439.0,-52.0,1,13,13,13,6,14,8,19,2,4,11,25,25,14,5,17,13,8,13,13,24,17,29,6,13,17,Orlando Magic,82,45,37,0.549,3966.0,113.6,2659,0.71,697,387,1383.0,1076.0,1298.0,4172.0,1,13,13,13,6,13,15,5,16,17,8,2,22,16,0.285
1610612755,Philadelphia 76ers,82,45,37,0.549,3975.998333,3422,7404,0.462,1011,2896,0.349,1647,2035,0.809,967,2611,3578,2017,1117.0,750,464,420,1667,1634,9502,-15.0,1,13,13,13,3,19,8,23,22,21,23,6,11,4,11,18,17,29,5,6,4,20,20,16,14,18,Philadelphia 76ers,82,45,37,0.549,3976.0,112.5,114.3,112.0,114.4,0.4,-0.1,0.589,1.81,17.4,0.306,0.678,0.491,0.134,0.53,0.572,102.3,100.39,83.66,8314,0.497,1,13,13,13,3,16,17,18,28,17,29,11,26,21,6,26,21,15,17,Philadelphia 76ers,82,45,37,0.549,3976.0,0.53,0.275,0.134,0.306,0.541,0.27,0.152,0.322,1,13,13,13,3,26,11,6,11,13,18,9,26,Philadelphia 76ers,82,45,37,0.549,3975.998333,3430.0,7348.0,0.467,1097.0,3108.0,0.353,1560.0,1987.0,0.785,991.0,2723.0,3714.0,2260.0,1265.0,597.0,420.0,464.0,1634.0,1667.0,9517.0,15.0,1,13,13,13,3,15,19,12,17,19,10,20,21,15,27,19,22,22,9,3,20,4,15,11,19,18,Philadelphia 76ers,82,45,37,0.549,3975.998333,114.4,2611,0.678,750,464,1368.0,1297.0,1368.0,4070.0,1,13,13,13,3,17,18,26,6,4,7,24,26,13,0.27
1610612756,Phoenix Suns,82,45,37,0.549,3951.0,3362,7389,0.455,1210,3348,0.361,1298,1663,0.781,1064,2471,3535,2021,1188.0,781,347,366,1691,1547,9232,120.0,1,13,13,13,14,23,10,28,5,5,12,28,28,15,4,29,20,27,15,4,25,10,22,23,26,15,Phoenix Suns,82,45,37,0.549,3951.0,112.0,114.2,110.7,112.9,1.3,1.4,0.601,1.7,17.6,0.331,0.677,0.498,0.147,0.537,0.568,100.1,98.14,81.79,8083,0.495,1,13,13,13,14,17,9,15,23,24,26,6,27,14,19,19,24,24,18,Phoenix Suns,82,45,37,0.549,3951.0,0.537,0.225,0.147,0.331,0.541,0.276,0.165,0.323,1,13,13,13,14,19,28,19,6,12,22,3,27,Phoenix Suns,82,45,37,0.549,3951.0,3296.0,7011.0,0.47,998.0,2876.0,0.347,1522.0,1938.0,0.785,967.0,2614.0,3581.0,2058.0,1333.0,649.0,366.0,347.0,1547.0,1691.0,9112.0,-120.0,1,13,13,13,14,6,3,15,4,6,2,17,16,17,22,10,15,7,3,9,10,25,8,9,6,15,Phoenix Suns,82,45,37,0.549,3951.0,112.9,2471,0.677,781,347,1479.0,1276.0,1168.0,3982.0,1,13,13,13,14,9,29,27,4,25,16,22,7,9,0.276
1610612757,Portland Trail Blazers,82,42,40,0.512,3951.0,3350,7389,0.453,1186,3462,0.343,1583,2069,0.765,1157,2614,3771,2062,1417.0,677,448,469,1634,1804,9469,-24.0,1,18,18,18,14,26,10,29,7,3,28,12,9,24,2,17,6,23,30,18,7,27,17,1,17,19,Portland Trail Blazers,82,42,40,0.512,3951.0,110.6,113.1,111.7,113.5,-1.1,-0.4,0.616,1.46,17.3,0.354,0.688,0.517,0.169,0.534,0.57,103.6,101.63,84.69,8370,0.488,1,18,18,18,14,21,12,19,18,30,30,4,21,7,30,22,22,9,20,Portland Trail Blazers,82,42,40,0.512,3951.0,0.534,0.28,0.169,0.354,0.541,0.272,0.153,0.312,1,18,18,18,14,22,9,30,4,11,19,7,21,Portland Trail Blazers,82,42,40,0.512,3951.0,3446.0,7323.0,0.471,1027.0,2869.0,0.358,1574.0,1992.0,0.79,982.0,2540.0,3522.0,2162.0,1280.0,888.0,469.0,448.0,1804.0,1634.0,9493.0,24.0,1,18,18,18,14,16,17,16,6,5,15,23,22,21,26,8,11,13,7,30,27,7,30,13,16,19,Portland Trail Blazers,82,42,40,0.512,3951.0,113.5,2614,0.688,677,448,1754.0,1226.0,1359.0,4148.0,1,18,18,18,14,12,17,21,18,7,30,14,25,15,0.272
1610612758,Sacramento Kings,82,22,60,0.268,3951.0,3408,7299,0.467,843,2476,0.34,1443,1870,0.772,943,2523,3466,2095,1175.0,658,372,386,1614,1502,9102,-820.0,1,26,26,26,14,20,20,18,30,30,29,21,19,21,13,28,22,20,13,20,20,14,15,28,28,29,Sacramento Kings,82,22,60,0.268,3951.0,109.0,110.6,118.0,120.3,-9.0,-9.7,0.615,1.78,18.2,0.298,0.685,0.487,0.143,0.525,0.56,101.8,100.12,83.43,8233,0.455,1,26,26,26,14,26,28,28,20,19,21,17,23,25,15,29,29,17,28,Sacramento Kings,82,22,60,0.268,3951.0,0.525,0.256,0.143,0.298,0.572,0.274,0.139,0.315,1,26,26,26,14,29,19,15,17,29,20,20,23,Sacramento Kings,82,22,60,0.268,3951.0,3605.0,7294.0,0.494,1134.0,2991.0,0.379,1578.0,2001.0,0.789,911.0,2692.0,3603.0,2297.0,1147.0,717.0,386.0,372.0,1502.0,1614.0,9922.0,820.0,1,26,26,26,14,24,15,29,20,14,29,24,23,19,10,16,17,24,20,19,14,20,3,16,27,29,Sacramento Kings,82,22,60,0.268,3951.0,120.3,2523,0.685,658,372,1493.0,1311.0,1262.0,4310.0,1,26,26,26,14,28,28,23,20,20,18,26,16,23,0.274
1610612759,San Antonio Spurs,82,62,20,0.756,3946.0,3562,7371,0.483,1116,3108,0.359,1586,2016,0.787,935,2921,3856,2302,1103.0,617,447,374,1546,1659,9826,681.0,1,2,2,2,26,4,13,6,16,14,15,11,13,12,14,1,2,9,4,25,8,11,4,12,3,2,San Antonio Spurs,82,62,20,0.756,3946.0,116.6,118.7,108.5,110.4,8.1,8.4,0.646,2.09,19.5,0.306,0.724,0.521,0.133,0.559,0.595,102.5,100.72,83.93,8275,0.542,1,2,2,2,26,3,3,3,13,5,7,10,1,6,5,7,5,12,3,San Antonio Spurs,82,62,20,0.756,3946.0,0.559,0.274,0.133,0.306,0.522,0.228,0.128,0.276,1,2,2,2,26,7,12,5,10,3,1,28,1,San Antonio Spurs,82,62,20,0.756,3946.0,3366.0,7469.0,0.451,1066.0,3028.0,0.352,1347.0,1705.0,0.79,856.0,2635.0,3491.0,2148.0,1064.0,628.0,374.0,447.0,1659.0,1546.0,9145.0,-681.0,1,2,2,2,26,10,23,4,15,17,8,3,2,20,4,14,8,12,26,5,11,8,18,27,8,2,San Antonio Spurs,82,62,20,0.756,3946.0,110.4,2921,0.724,617,447,1256.0,1121.0,1051.0,3794.0,1,2,2,2,26,3,1,1,25,8,3,4,3,7,0.228
1610612761,Toronto Raptors,82,46,36,0.561,3955.983333,3495,7250,0.482,932,2633,0.354,1478,1922,0.769,895,2557,3452,2417,1121.0,722,395,411,1710,1622,9400,232.0,1,11,11,11,13,10,24,7,26,26,21,17,15,22,21,23,24,3,8,11,15,19,23,19,21,11,Toronto Raptors,82,46,36,0.561,3956.0,113.0,115.0,110.0,112.1,2.9,2.9,0.692,2.16,20.5,0.3,0.693,0.496,0.137,0.546,0.581,101.0,99.22,82.68,8177,0.522,1,11,11,11,13,15,5,11,3,2,1,16,16,15,7,16,15,21,8,Toronto Raptors,82,46,36,0.561,3956.0,0.546,0.265,0.137,0.3,0.54,0.279,0.161,0.307,1,11,11,11,13,16,16,7,16,8,23,4,16,Toronto Raptors,82,46,36,0.561,3955.983333,3289.0,7047.0,0.467,1029.0,2945.0,0.349,1561.0,1968.0,0.793,898.0,2619.0,3517.0,2006.0,1318.0,641.0,411.0,395.0,1622.0,1710.0,9168.0,-232.0,1,11,11,11,13,5,5,11,8,10,4,21,19,23,8,12,10,2,4,6,19,15,12,7,9,11,Toronto Raptors,82,46,36,0.561,3955.983333,112.1,2557,0.693,722,395,1340.0,1174.0,1027.0,3932.0,1,11,11,11,13,5,23,16,11,15,4,7,2,8,0.279
1610612762,Utah Jazz,82,22,60,0.268,3966.0,3489,7469,0.467,1036,3006,0.345,1628,2071,0.786,984,2609,3593,2429,1272.0,729,309,477,1733,1668,9642,-691.0,1,26,26,26,6,12,3,17,20,18,25,8,8,13,9,20,16,2,26,8,30,30,27,10,9,27,Utah Jazz,82,22,60,0.268,3966.0,111.2,112.7,119.3,120.8,-8.0,-8.2,0.696,1.91,19.9,0.298,0.693,0.492,0.149,0.536,0.575,104.9,103.54,86.28,8558,0.464,1,26,26,26,6,22,29,27,2,10,5,18,17,19,22,20,20,2,27,Utah Jazz,82,22,60,0.268,3966.0,0.536,0.277,0.149,0.298,0.578,0.292,0.14,0.307,1,26,26,26,6,20,10,22,18,30,28,19,17,Utah Jazz,82,22,60,0.268,3966.0,3692.0,7478.0,0.494,1255.0,3372.0,0.372,1694.0,2181.0,0.777,971.0,2778.0,3749.0,2519.0,1197.0,761.0,477.0,309.0,1668.0,1733.0,10333.0,691.0,1,26,26,26,6,30,24,28,30,30,27,28,28,11,23,23,23,30,15,28,30,30,20,4,30,27,Utah Jazz,82,22,60,0.268,3966.0,120.8,2609,0.693,729,309,1664.0,1308.0,1490.0,4308.0,1,26,26,26,6,29,20,17,8,30,28,25,30,22,0.292
1610612764,Washington Wizards,82,17,65,0.207,3950.983333,3428,7409,0.463,1070,2983,0.359,1332,1738,0.766,900,2536,3436,2054,1284.0,655,452,445,1750,1465,9258,-982.0,1,30,30,30,25,18,7,22,19,19,16,27,26,23,18,27,26,25,27,21,5,25,29,29,25,30,Washington Wizards,82,17,65,0.207,3951.0,108.2,109.7,119.6,121.5,-11.4,-11.8,0.599,1.6,17.6,0.285,0.664,0.471,0.152,0.535,0.566,104.0,102.49,85.41,8442,0.433,1,30,30,30,25,29,30,30,24,28,27,23,29,30,24,21,27,6,30,Washington Wizards,82,17,65,0.207,3951.0,0.535,0.235,0.152,0.285,0.563,0.292,0.134,0.336,1,30,30,30,25,21,26,24,23,27,29,22,29,Washington Wizards,82,17,65,0.207,3950.983333,3682.0,7543.0,0.488,1123.0,3048.0,0.368,1753.0,2200.0,0.797,1077.0,2842.0,3919.0,2413.0,1131.0,798.0,445.0,452.0,1465.0,1750.0,10240.0,982.0,1,30,30,30,25,29,27,26,19,18,24,29,29,27,30,27,30,29,21,29,25,5,2,2,29,30,Washington Wizards,82,17,65,0.207,3950.983333,121.5,2536,0.664,655,452,1669.0,1415.0,1451.0,4564.0,1,30,30,30,25,30,27,29,21,5,29,29,29,28,0.292
