GAME_ID,TEAM_ID,TEAM_ABBREVIATION,TEAM_CITY,PLAYER_ID,PLAYER_NAME,NICKNAME,START_POSITION,COMMENT,MIN,FGM,FGA,FG_PCT,FG3M,FG3A,FG3_PCT,FTM,FTA,FT_PCT,OREB,DREB,REB,AST,STL,BLK,TO,PF,PTS,PLUS_MINUS
0042500316,1610612760,OKC,Oklahoma City,1629652,Luguentz Dort,Luguentz,F,,22:31,2,11,0.182,1,9,0.111,0,0,0.0,0,1,1,0,1,1,1,2,5,-9
0042500316,1610612760,OKC,Oklahoma City,1631096,Chet Holmgren,Chet,F,,24:16,4,8,0.5,0,1,0.0,2,2,1.0,4,7,11,1,1,2,0,2,10,-9
0042500316,1610612760,OKC,Oklahoma City,1628392,Isaiah Hartenstein,Isaiah,C,,16:05,5,10,0.5,0,0,0.0,0,0,0.0,3,2,5,3,0,0,0,3,10,-25
0042500316,1610612760,OKC,Oklahoma City,1642272,Jared McCain,Jared,G,,27:00,4,11,0.364,2,3,0.667,3,3,1.0,0,2,2,6,2,0,2,1,13,-14
0042500316,1610612760,OKC,Oklahoma City,1628983,Shai Gilgeous-Alexander,Shai,G,,28:17,6,18,0.333,0,5,0.0,3,3,1.0,0,1,1,4,0,0,2,1,15,-28
0042500316,1610612760,OKC,Oklahoma City,1631119,Jaylin Williams,Jaylin,,,25:38,2,6,0.333,0,4,0.0,0,0,0.0,0,9,9,2,0,0,0,4,4,-1
0042500316,1610612760,OKC,Oklahoma City,1627936,Alex Caruso,Alex,,,21:08,3,7,0.429,1,3,0.333,0,0,0.0,0,0,0,0,1,0,0,1,7,-4
0042500316,1610612760,OKC,Oklahoma City,1641717,Cason Wallace,Cason,,,20:18,4,6,0.667,3,4,0.75,0,0,0.0,1,2,3,1,3,0,2,2,11,-14
0042500316,1610612760,OKC,Oklahoma City,1631114,Jalen Williams,Jalen,,,10:09,0,1,0.0,0,1,0.0,1,2,0.5,0,0,0,1,0,0,2,1,1,-18
0042500316,1610612760,OKC,Oklahoma City,1629026,Kenrich Williams,Kenrich,,,14:54,2,8,0.25,1,4,0.25,2,2,1.0,1,5,6,2,0,0,1,1,7,-6
0042500316,1610612760,OKC,Oklahoma City,1630198,Isaiah Joe,Isaiah,,,16:01,1,4,0.25,1,4,0.25,0,0,0.0,3,1,4,2,0,0,1,2,3,-6
0042500316,1610612760,OKC,Oklahoma City,1630598,Aaron Wiggins,Aaron,,,7:26,2,3,0.667,1,1,1.0,0,0,0.0,0,0,0,0,0,0,1,0,5,0
0042500316,1610612760,OKC,Oklahoma City,1642260,Nikola Topić,Nikola,,,6:17,0,1,0.0,0,1,0.0,0,0,0.0,0,0,0,0,1,0,0,1,0,-1
0042500316,1610612759,SAS,San Antonio,1630170,Devin Vassell,Devin,F,,26:01,4,7,0.571,4,7,0.571,0,0,0.0,0,1,1,2,1,2,1,0,12,18
0042500316,1610612759,SAS,San Antonio,1630577,Julian Champagnie,Julian,F,,25:07,4,8,0.5,2,6,0.333,0,0,0.0,1,5,6,2,1,2,1,2,10,24
0042500316,1610612759,SAS,San Antonio,1641705,Victor Wembanyama,Victor,C,,28:25,10,21,0.476,4,9,0.444,4,4,1.0,4,6,10,2,2,3,3,0,28,13
0042500316,1610612759,SAS,San Antonio,1642264,Stephon Castle,Stephon,G,,31:54,5,10,0.5,0,2,0.0,7,8,0.875,2,3,5,9,1,0,1,3,17,13
0042500316,1610612759,SAS,San Antonio,1628368,De'Aaron Fox,De'Aaron,G,,25:33,1,9,0.111,0,3,0.0,3,4,0.75,0,5,5,7,0,0,0,2,5,17
0042500316,1610612759,SAS,San Antonio,1642844,Dylan Harper,Dylan,,,22:04,6,9,0.667,2,3,0.667,4,4,1.0,0,6,6,4,0,0,1,1,18,19
0042500316,1610612759,SAS,San Antonio,1629640,Keldon Johnson,Keldon,,,17:33,4,7,0.571,1,3,0.333,0,0,0.0,1,2,3,0,1,0,1,1,9,7
0042500316,1610612759,SAS,San Antonio,1628436,Luke Kornet,Luke,,,13:18,1,2,0.5,0,0,0.0,1,2,0.5,2,3,5,1,0,0,1,1,3,13
0042500316,1610612759,SAS,San Antonio,203084,Harrison Barnes,Harrison,,,13:23,2,4,0.5,2,4,0.5,0,0,0.0,1,0,1,0,0,0,1,0,6,5
0042500316,1610612759,SAS,San Antonio,1642868,Carter Bryant,Carter,,,7:55,1,3,0.333,0,2,0.0,0,0,0.0,0,4,4,0,0,0,1,2,2,2
0042500316,1610612759,SAS,San Antonio,1629162,Jordan McLaughlin,Jordan,,,7:26,0,2,0.0,0,1,0.0,0,0,0.0,0,4,4,2,0,0,1,0,0,0
0042500316,1610612759,SAS,San Antonio,1630322,Lindy Waters III,Lindy,,,6:17,1,2,0.5,0,1,0.0,0,0,0.0,0,0,0,1,1,0,0,1,2,1
0042500316,1610612759,SAS,San Antonio,203482,Kelly Olynyk,Kelly,,,5:15,2,3,0.667,0,0,0.0,2,3,0.667,0,1,1,0,0,0,0,0,6,1
0042500316,1610612759,SAS,San Antonio,202687,Bismack Biyombo,Bismack,,,5:15,0,1,0.0,0,0,0.0,0,0,0.0,0,0,0,0,0,0,0,0,0,1
0042500316,1610612759,SAS,San Antonio,203486,Mason Plumlee,Mason,,,4:34,0,0,0.0,0,0,0.0,0,0,0.0,0,1,1,0,0,0,0,1,0,1
