gameId,actionNumber,clock,period,teamId,teamTricode,personId,playerName,playerNameI,xLegacy,yLegacy,shotDistance,shotResult,isFieldGoal,scoreHome,scoreAway,pointsTotal,location,description,actionType,subType,videoAvailable,shotValue,actionId
0042500401,2,PT12M00.00S,1,0,,0,,,0,0,0,,0,0,0,0,,Start of 1st Period (8:45 PM EST),period,start,1,0,1
0042500401,4,PT12M00.00S,1,1610612759,SAS,1641705,Wembanyama,V. Wembanyama,0,0,0,,0,,,0,h,Jump Ball Wembanyama vs. Towns: Tip to Hart,Jump Ball,,1,0,2
0042500401,7,PT11M45.00S,1,1610612752,NYK,1628973,Brunson,J. Brunson,5,260,26,Made,1,0,3,3,v,Brunson 26' 3PT Jump Shot (3 PTS) (Towns 1 AST),Made Shot,Jump Shot,1,3,3
0042500401,9,PT11M22.00S,1,1610612759,SAS,1641705,Wembanyama,V. Wembanyama,65,136,15,Made,1,2,3,5,h,Wembanyama 15' Pullup Jump Shot (2 PTS),Made Shot,Pullup Jump shot,1,2,4
0042500401,10,PT10M57.00S,1,1610612752,NYK,1628973,Brunson,J. Brunson,66,35,7,Missed,1,,,0,v,MISS Brunson 7' Driving Layup,Missed Shot,Driving Layup Shot,1,2,5
0042500401,11,PT10M54.00S,1,1610612752,NYK,1628404,Hart,J. Hart,0,0,0,,0,,,0,v,Hart REBOUND (Off:1 Def:0),Rebound,Unknown,1,0,6
0042500401,12,PT10M53.00S,1,1610612752,NYK,1628384,Anunoby,O. Anunoby,-240,4,24,Made,1,2,6,8,v,Anunoby 24' 3PT Jump Shot (3 PTS) (Hart 1 AST),Made Shot,Jump Shot,1,3,7
0042500401,14,PT10M31.00S,1,1610612759,SAS,1641705,Wembanyama,V. Wembanyama,-21,69,7,Missed,1,,,0,h,MISS Wembanyama 7' Pullup Jump Shot,Missed Shot,Pullup Jump shot,1,2,8
0042500401,15,PT10M30.00S,1,1610612759,SAS,1630577,Champagnie,J. Champagnie,0,0,0,,0,,,0,h,Champagnie REBOUND (Off:1 Def:0),Rebound,Unknown,1,0,9
0042500401,16,PT10M29.00S,1,1610612759,SAS,1630170,Vassell,D. Vassell,-49,254,26,Missed,1,,,0,h,MISS Vassell 26' 3PT Jump Shot,Missed Shot,Jump Shot,1,3,10
0042500401,17,PT10M27.00S,1,1610612759,SAS,1642264,Castle,S. Castle,0,0,0,,0,,,0,h,Castle REBOUND (Off:1 Def:0),Rebound,Unknown,1,0,11
0042500401,18,PT10M26.00S,1,1610612759,SAS,1642264,Castle,S. Castle,-16,4,2,Missed,1,,,0,h,MISS Castle 2' Putback Layup,Missed Shot,Putback Layup Shot,1,2,12
0042500401,19,PT10M25.00S,1,1610612752,NYK,1628973,Brunson,J. Brunson,0,0,0,,0,,,0,v,Brunson REBOUND (Off:0 Def:1),Rebound,Unknown,1,0,13
0042500401,20,PT10M18.00S,1,1610612752,NYK,1626157,Towns,K. Towns,-77,267,28,Missed,1,,,0,v,MISS Towns 28' 3PT Jump Shot,Missed Shot,Jump Shot,1,3,14
0042500401,21,PT10M15.00S,1,1610612759,SAS,1630577,Champagnie,J. Champagnie,0,0,0,,0,,,0,h,Champagnie REBOUND (Off:1 Def:1),Rebound,Unknown,1,0,15
0042500401,22,PT10M06.00S,1,1610612759,SAS,1641705,Wembanyama,V. Wembanyama,0,0,0,,0,,,0,h,Wembanyama Lost Ball Turnover (P1.T1),Turnover,Lost Ball,1,0,16
0042500401,22,PT10M06.00S,1,1610612752,NYK,1628969,Bridges,M. Bridges,0,0,0,,0,,,0,v,Bridges STEAL (1 STL),,,1,0,17
0042500401,24,PT10M01.00S,1,1610612752,NYK,1628384,Anunoby,O. Anunoby,-22,13,3,Made,1,2,8,10,v,Anunoby 3' Running Layup (5 PTS) (Bridges 1 AST),Made Shot,Running Layup Shot,1,2,18
0042500401,26,PT09M47.00S,1,1610612759,SAS,1642264,Castle,S. Castle,-66,16,7,Missed,1,,,0,h,MISS Castle 7' Cutting Layup Shot,Missed Shot,Cutting Layup Shot,1,2,19
0042500401,26,PT09M47.00S,1,1610612752,NYK,1628404,Hart,J. Hart,0,0,0,,0,,,0,v,Hart BLOCK (1 BLK),,,1,2,20
0042500401,28,PT09M45.00S,1,1610612759,SAS,1642264,Castle,S. Castle,0,0,0,,0,,,0,h,Castle REBOUND (Off:2 Def:0),Rebound,Unknown,1,0,21
0042500401,29,PT09M36.00S,1,1610612759,SAS,1641705,Wembanyama,V. Wembanyama,5,128,13,Missed,1,,,0,h,MISS Wembanyama 13' Turnaround Fadeaway Shot,Missed Shot,Turnaround Fadeaway shot,1,2,22
0042500401,30,PT09M33.00S,1,1610612752,NYK,1628404,Hart,J. Hart,0,0,0,,0,,,0,v,Hart REBOUND (Off:1 Def:1),Rebound,Unknown,1,0,23
0042500401,31,PT09M29.00S,1,1610612752,NYK,1628969,Bridges,M. Bridges,92,98,13,Missed,1,,,0,v,MISS Bridges 13' Running Pull-Up Jump Shot,Missed Shot,Running Pull-Up Jump Shot,1,2,24
0042500401,32,PT09M24.00S,1,1610612759,SAS,1630577,Champagnie,J. Champagnie,0,0,0,,0,,,0,h,Champagnie REBOUND (Off:1 Def:2),Rebound,Unknown,1,0,25
0042500401,33,PT09M20.00S,1,1610612759,SAS,1628368,Fox,D. Fox,-210,141,25,Missed,1,,,0,h,MISS Fox 25' 3PT Running Jump Shot,Missed Shot,Running Jump Shot,1,3,26
0042500401,34,PT09M19.00S,1,1610612759,SAS,1630170,Vassell,D. Vassell,0,0,0,,0,,,0,h,Vassell REBOUND (Off:1 Def:0),Rebound,Unknown,1,0,27
0042500401,35,PT09M19.00S,1,1610612759,SAS,1630170,Vassell,D. Vassell,0,0,0,Made,1,4,8,12,h,Vassell Tip Layup Shot (2 PTS),Made Shot,Tip Layup Shot,1,2,28
0042500401,36,PT08M56.00S,1,1610612752,NYK,1628404,Hart,J. Hart,-16,11,2,Made,1,4,10,14,v,Hart 2' Driving Finger Roll Layup (2 PTS) (Towns 2 AST),Made Shot,Driving Finger Roll Layup Shot,1,2,29
0042500401,38,PT08M36.00S,1,1610612759,SAS,1628368,Fox,D. Fox,125,221,25,Missed,1,,,0,h,MISS Fox 25' 3PT Step Back Jump Shot,Missed Shot,Step Back Jump shot,1,3,30
0042500401,39,PT08M32.00S,1,1610612752,NYK,1628404,Hart,J. Hart,0,0,0,,0,,,0,v,Hart REBOUND (Off:1 Def:2),Rebound,Unknown,1,0,31
0042500401,40,PT08M29.00S,1,1610612752,NYK,1628404,Hart,J. Hart,25,11,3,Missed,1,,,0,v,MISS Hart 3' Running Layup,Missed Shot,Running Layup Shot,1,2,32
0042500401,40,PT08M29.00S,1,1610612759,SAS,1641705,Wembanyama,V. Wembanyama,0,0,0,,0,,,0,h,Wembanyama BLOCK (1 BLK),,,1,2,33
0042500401,42,PT08M28.00S,1,1610612759,SAS,1642264,Castle,S. Castle,0,0,0,,0,,,0,h,Castle REBOUND (Off:2 Def:1),Rebound,Unknown,1,0,34
0042500401,43,PT08M21.00S,1,1610612759,SAS,1641705,Wembanyama,V. Wembanyama,71,244,25,Made,1,7,10,17,h,Wembanyama 25' 3PT Running Jump Shot (5 PTS) (Castle 1 AST),Made Shot,Running Jump Shot,1,3,35
0042500401,45,PT07M52.00S,1,1610612752,NYK,1628973,Brunson,J. Brunson,144,202,25,Missed,1,,,0,v,MISS Brunson 25' 3PT Pullup Jump Shot,Missed Shot,Pullup Jump shot,1,3,36
0042500401,45,PT07M52.00S,1,1610612759,SAS,1630577,Champagnie,J. Champagnie,0,0,0,,0,,,0,h,Champagnie BLOCK (1 BLK),,,1,3,37
0042500401,47,PT07M52.00S,1,0,,1610612752,,,0,0,0,,0,,,0,v,Knicks Rebound,Rebound,Unknown,0,0,38
0042500401,48,PT07M51.00S,1,0,,1610612752,,,0,0,0,,0,,,0,v,Knicks Turnover: Shot Clock (T#1),Turnover,Shot Clock Turnover,1,0,39
0042500401,49,PT07M43.00S,1,1610612759,SAS,1628368,Fox,D. Fox,-243,6,24,Missed,1,,,0,h,MISS Fox 24' 3PT Jump Shot,Missed Shot,Jump Shot,1,3,40
0042500401,50,PT07M40.00S,1,1610612752,NYK,1628404,Hart,J. Hart,0,0,0,,0,,,0,v,Hart REBOUND (Off:1 Def:3),Rebound,Unknown,1,0,41
0042500401,51,PT07M28.00S,1,1610612752,NYK,1626157,Towns,K. Towns,9,34,4,Made,1,7,12,19,v,Towns 4' Driving Floating Jump Shot (2 PTS),Made Shot,Driving Floating Jump Shot,1,2,42
0042500401,52,PT07M28.00S,1,0,,1610612759,,,0,0,0,,0,,,0,h,SPURS Timeout: Regular (Full 1 Short 0),Timeout,Regular,0,0,43
0042500401,53,PT07M28.00S,1,1610612759,SAS,1628368,Fox,D. Fox,0,0,0,,0,,,0,h,SUB: Harper FOR Fox,Substitution,,0,0,44
0042500401,54,PT07M28.00S,1,1610612759,SAS,1630577,Champagnie,J. Champagnie,0,0,0,,0,,,0,h,SUB: Johnson FOR Champagnie,Substitution,,0,0,45
0042500401,57,PT07M08.00S,1,1610612759,SAS,1642264,Castle,S. Castle,0,0,0,,0,,,0,h,Castle Bad Pass Turnover (P1.T2),Turnover,Bad Pass,1,0,46
0042500401,57,PT07M08.00S,1,1610612752,NYK,1628969,Bridges,M. Bridges,0,0,0,,0,,,0,v,Bridges STEAL (2 STL),,,1,0,47
0042500401,59,PT06M59.00S,1,1610612752,NYK,1626157,Towns,K. Towns,-11,10,1,Made,1,7,14,21,v,Towns 1' Driving Finger Roll Layup (4 PTS) (Hart 2 AST),Made Shot,Driving Finger Roll Layup Shot,1,2,48
0042500401,61,PT06M38.00S,1,1610612759,SAS,1642264,Castle,S. Castle,99,251,27,Missed,1,,,0,h,MISS Castle 27' 3PT Jump Shot,Missed Shot,Jump Shot,1,3,49
0042500401,62,PT06M37.00S,1,0,,1610612752,,,0,0,0,,0,,,0,v,Knicks Rebound,Rebound,Unknown,1,0,50
0042500401,64,PT06M37.00S,1,1610612759,SAS,1629640,Johnson,K. Johnson,0,0,0,,0,,,0,h,Johnson L.B.FOUL (P1.T1) (S.Wright),Foul,Loose Ball,1,0,51
0042500401,67,PT06M20.00S,1,1610612752,NYK,1626157,Towns,K. Towns,29,21,4,Missed,1,,,0,v,MISS Towns 4' Driving Layup,Missed Shot,Driving Layup Shot,1,2,52
0042500401,68,PT06M17.00S,1,1610612759,SAS,1630170,Vassell,D. Vassell,0,0,0,,0,,,0,h,Vassell REBOUND (Off:1 Def:1),Rebound,Unknown,1,0,53
0042500401,70,PT06M15.00S,1,1610612752,NYK,1628404,Hart,J. Hart,0,0,0,,0,,,0,v,Hart P.FOUL (P1.T1) (S.Foster),Foul,Personal,1,0,54
0042500401,72,PT06M15.00S,1,1610612752,NYK,1628384,Anunoby,O. Anunoby,0,0,0,,0,,,0,v,SUB: Shamet FOR Anunoby,Substitution,,0,0,55
0042500401,74,PT06M07.00S,1,1610612759,SAS,1642264,Castle,S. Castle,6,86,9,Made,1,9,14,23,h,Castle 9' Pullup Jump Shot (2 PTS),Made Shot,Pullup Jump shot,1,2,56
0042500401,75,PT05M55.00S,1,1610612752,NYK,1628404,Hart,J. Hart,-76,252,26,Missed,1,,,0,v,MISS Hart 26' 3PT Jump Shot,Missed Shot,Jump Shot,1,3,57
0042500401,76,PT05M55.00S,1,1610612759,SAS,1641705,Wembanyama,V. Wembanyama,0,0,0,,0,,,0,h,Wembanyama REBOUND (Off:0 Def:1),Rebound,Unknown,1,0,58
0042500401,77,PT05M47.00S,1,1610612759,SAS,1629640,Johnson,K. Johnson,-18,13,2,Missed,1,,,0,h,MISS Johnson 2' Running Layup,Missed Shot,Running Layup Shot,1,2,59
0042500401,78,PT05M45.00S,1,1610612752,NYK,1628404,Hart,J. Hart,0,0,0,,0,,,0,v,Hart REBOUND (Off:1 Def:4),Rebound,Unknown,1,0,60
0042500401,79,PT05M33.00S,1,1610612752,NYK,1626157,Towns,K. Towns,0,0,0,,0,,,0,v,Towns Bad Pass Turnover (P1.T2),Turnover,Bad Pass,1,0,61
0042500401,79,PT05M33.00S,1,1610612759,SAS,1641705,Wembanyama,V. Wembanyama,0,0,0,,0,,,0,h,Wembanyama STEAL (1 STL),,,1,0,62
0042500401,81,PT05M27.00S,1,1610612752,NYK,1628404,Hart,J. Hart,0,0,0,,0,,,0,v,Hart S.FOUL (P2.T2) (J.Capers),Foul,Shooting,1,0,63
0042500401,83,PT05M27.00S,1,1610612759,SAS,1642264,Castle,S. Castle,0,0,0,,0,10,14,24,h,Castle Free Throw 1 of 2 (3 PTS),Free Throw,Free Throw 1 of 2,1,0,64
0042500401,84,PT05M27.00S,1,1610612759,SAS,1641705,Wembanyama,V. Wembanyama,0,0,0,,0,,,0,h,SUB: Kornet FOR Wembanyama,Substitution,,0,0,65
0042500401,85,PT05M27.00S,1,1610612752,NYK,1628404,Hart,J. Hart,0,0,0,,0,,,0,v,SUB: Anunoby FOR Hart,Substitution,,0,0,66
0042500401,88,PT05M27.00S,1,1610612759,SAS,1642264,Castle,S. Castle,0,0,0,,0,11,14,25,h,Castle Free Throw 2 of 2 (4 PTS),Free Throw,Free Throw 2 of 2,1,0,67
0042500401,89,PT05M08.00S,1,1610612752,NYK,1629013,Shamet,L. Shamet,-225,126,26,Missed,1,,,0,v,MISS Shamet 26' 3PT Jump Shot,Missed Shot,Jump Shot,1,3,68
0042500401,90,PT05M07.00S,1,1610612752,NYK,1626157,Towns,K. Towns,0,0,0,,0,,,0,v,Towns REBOUND (Off:1 Def:0),Rebound,Unknown,1,0,69
0042500401,91,PT05M04.00S,1,1610612752,NYK,1626157,Towns,K. Towns,0,0,0,Missed,1,,,0,v,MISS Towns Fadeaway Jumper,Missed Shot,Fadeaway Jump Shot,1,2,70
0042500401,92,PT05M03.00S,1,1610612759,SAS,1642264,Castle,S. Castle,0,0,0,,0,,,0,h,Castle REBOUND (Off:2 Def:2),Rebound,Unknown,1,0,71
0042500401,93,PT04M54.00S,1,1610612759,SAS,1629640,Johnson,K. Johnson,235,-5,24,Missed,1,,,0,h,MISS Johnson 24' 3PT Jump Shot,Missed Shot,Jump Shot,1,3,72
0042500401,94,PT04M50.00S,1,1610612752,NYK,1628969,Bridges,M. Bridges,0,0,0,,0,,,0,v,Bridges REBOUND (Off:0 Def:1),Rebound,Unknown,1,0,73
0042500401,95,PT04M44.00S,1,1610612752,NYK,1628973,Brunson,J. Brunson,103,132,17,Missed,1,,,0,v,MISS Brunson 17' Pullup Jump Shot,Missed Shot,Pullup Jump shot,1,2,74
0042500401,96,PT04M42.00S,1,1610612759,SAS,1642844,Harper,D. Harper,0,0,0,,0,,,0,h,Harper REBOUND (Off:0 Def:1),Rebound,Unknown,1,0,75
0042500401,97,PT04M36.00S,1,1610612759,SAS,1630170,Vassell,D. Vassell,246,41,25,Missed,1,,,0,h,MISS Vassell 25' 3PT Running Pull-Up Jump Shot,Missed Shot,Running Pull-Up Jump Shot,1,3,76
0042500401,98,PT04M33.00S,1,0,,1610612752,,,0,0,0,,0,,,0,v,Knicks Rebound,Rebound,Unknown,1,0,77
0042500401,99,PT04M33.00S,1,1610612759,SAS,1629640,Johnson,K. Johnson,0,0,0,,0,,,0,h,Johnson L.B.FOUL (P2.T2) (S.Foster),Foul,Loose Ball,1,0,78
0042500401,101,PT04M33.00S,1,1610612759,SAS,1629640,Johnson,K. Johnson,0,0,0,,0,,,0,h,SUB: Fox FOR Johnson,Substitution,,0,0,79
0042500401,102,PT04M33.00S,1,1610612759,SAS,1642264,Castle,S. Castle,0,0,0,,0,,,0,h,SUB: Champagnie FOR Castle,Substitution,,0,0,80
0042500401,105,PT04M15.00S,1,1610612752,NYK,1628973,Brunson,J. Brunson,0,0,0,,0,,,0,v,Brunson Bad Pass Turnover (P1.T3),Turnover,Bad Pass,1,0,81
0042500401,105,PT04M15.00S,1,1610612759,SAS,1642844,Harper,D. Harper,0,0,0,,0,,,0,h,Harper STEAL (1 STL),,,1,0,82
0042500401,107,PT04M13.00S,1,1610612752,NYK,1628969,Bridges,M. Bridges,0,0,0,,0,,,0,v,Bridges S.FOUL (P1.T3) (S.Wright),Foul,Shooting,1,0,83
0042500401,109,PT04M13.00S,1,1610612759,SAS,1642844,Harper,D. Harper,0,0,0,,0,12,14,26,h,Harper Free Throw 1 of 2 (1 PTS),Free Throw,Free Throw 1 of 2,1,0,84
0042500401,110,PT04M13.00S,1,1610612752,NYK,1628969,Bridges,M. Bridges,0,0,0,,0,,,0,v,SUB: McBride FOR Bridges,Substitution,,0,0,85
0042500401,111,PT04M13.00S,1,1610612752,NYK,1626157,Towns,K. Towns,0,0,0,,0,,,0,v,SUB: Robinson FOR Towns,Substitution,,0,0,86
0042500401,114,PT04M13.00S,1,1610612759,SAS,1642844,Harper,D. Harper,0,0,0,,0,13,14,27,h,Harper Free Throw 2 of 2 (2 PTS),Free Throw,Free Throw 2 of 2,1,0,87
0042500401,115,PT04M01.00S,1,1610612752,NYK,1628973,Brunson,J. Brunson,0,0,0,,0,,,0,v,Brunson Bad Pass Turnover (P2.T4),Turnover,Bad Pass,1,0,88
0042500401,115,PT04M01.00S,1,1610612759,SAS,1628436,Kornet,L. Kornet,0,0,0,,0,,,0,h,Kornet STEAL (1 STL),,,1,0,89
0042500401,117,PT03M58.00S,1,1610612759,SAS,1642844,Harper,D. Harper,5,32,3,Made,1,15,14,29,h,Harper 3' Running Pull-Up Jump Shot (4 PTS),Made Shot,Running Pull-Up Jump Shot,1,2,90
0042500401,118,PT03M58.00S,1,1610612752,NYK,1629013,Shamet,L. Shamet,0,0,0,,0,,,0,v,Shamet S.FOUL (P1.T4) (J.Capers),Foul,Shooting,1,0,91
0042500401,120,PT03M58.00S,1,1610612759,SAS,1642844,Harper,D. Harper,0,0,0,,0,16,14,30,h,Harper Free Throw 1 of 1 (5 PTS),Free Throw,Free Throw 1 of 1,1,0,92
0042500401,121,PT03M36.00S,1,1610612752,NYK,1628973,Brunson,J. Brunson,113,245,27,Missed,1,,,0,v,MISS Brunson 27' 3PT Jump Shot,Missed Shot,Jump Shot,1,3,93
0042500401,122,PT03M32.00S,1,1610612759,SAS,1628436,Kornet,L. Kornet,0,0,0,,0,,,0,h,Kornet REBOUND (Off:0 Def:1),Rebound,Unknown,1,0,94
0042500401,123,PT03M25.00S,1,1610612759,SAS,1642844,Harper,D. Harper,230,52,24,Made,1,19,14,33,h,Harper 24' 3PT Jump Shot (8 PTS) (Fox 1 AST),Made Shot,Jump Shot,1,3,95
0042500401,125,PT03M12.00S,1,1610612752,NYK,1629013,Shamet,L. Shamet,-240,3,24,Made,1,19,17,36,v,Shamet 24' 3PT Jump Shot (3 PTS) (Brunson 1 AST),Made Shot,Jump Shot,1,3,96
0042500401,127,PT03M01.00S,1,1610612759,SAS,1630577,Champagnie,J. Champagnie,228,0,0,Made,1,22,17,39,h,Champagnie 3PT Jump Shot (3 PTS) (Fox 2 AST),Made Shot,Jump Shot,1,3,97
0042500401,129,PT02M47.00S,1,1610612752,NYK,1628973,Brunson,J. Brunson,6,21,2,Missed,1,,,0,v,MISS Brunson 2' Driving Layup,Missed Shot,Driving Layup Shot,1,2,98
0042500401,130,PT02M45.00S,1,1610612759,SAS,1628368,Fox,D. Fox,0,0,0,,0,,,0,h,Fox REBOUND (Off:0 Def:1),Rebound,Unknown,1,0,99
0042500401,131,PT02M43.00S,1,1610612759,SAS,1630577,Champagnie,J. Champagnie,119,222,25,Missed,1,,,0,h,MISS Champagnie 25' 3PT Running Jump Shot,Missed Shot,Running Jump Shot,1,3,100
0042500401,132,PT02M43.00S,1,1610612752,NYK,1629011,Robinson,M. Robinson,0,0,0,,0,,,0,v,Robinson REBOUND (Off:0 Def:1),Rebound,Unknown,1,0,101
0042500401,133,PT02M33.00S,1,1610612759,SAS,1642844,Harper,D. Harper,0,0,0,,0,,,0,h,Harper P.FOUL (P1.T3) (S.Wright),Foul,Personal,1,0,102
0042500401,135,PT02M33.00S,1,0,,1610612752,,,0,0,0,,0,,,0,v,Knicks Timeout: Regular (Reg.1 Short 0),Timeout,Regular,0,0,103
0042500401,136,PT02M33.00S,1,1610612759,SAS,1628436,Kornet,L. Kornet,0,0,0,,0,,,0,h,SUB: Wembanyama FOR Kornet,Substitution,,0,0,104
0042500401,137,PT02M33.00S,1,1610612759,SAS,1630170,Vassell,D. Vassell,0,0,0,,0,,,0,h,SUB: Barnes FOR Vassell,Substitution,,0,0,105
0042500401,140,PT02M19.00S,1,1610612752,NYK,1628973,Brunson,J. Brunson,113,56,13,Missed,1,,,0,v,MISS Brunson 13' Step Back Jump Shot,Missed Shot,Step Back Jump shot,1,2,106
0042500401,141,PT02M16.00S,1,1610612759,SAS,1630577,Champagnie,J. Champagnie,0,0,0,,0,,,0,h,Champagnie REBOUND (Off:1 Def:3),Rebound,Unknown,1,0,107
0042500401,142,PT02M03.00S,1,1610612759,SAS,1630577,Champagnie,J. Champagnie,-235,13,24,Made,1,25,17,42,h,Champagnie 24' 3PT Jump Shot (6 PTS) (Fox 3 AST),Made Shot,Jump Shot,1,3,108
0042500401,144,PT02M03.00S,1,1610612752,NYK,1629013,Shamet,L. Shamet,0,0,0,,0,,,0,v,Shamet L.B.FOUL (P2.PN) (S.Foster),Foul,Loose Ball,1,0,109
0042500401,147,PT02M03.00S,1,1610612759,SAS,203084,Barnes,H. Barnes,0,0,0,,0,,,0,h,MISS Barnes Free Throw 1 of 1,Free Throw,Free Throw 1 of 1,0,0,110
0042500401,148,PT01M59.00S,1,1610612752,NYK,1630540,McBride,M. McBride,0,0,0,,0,,,0,v,McBride REBOUND (Off:0 Def:1),Rebound,Unknown,0,0,111
0042500401,150,PT01M41.00S,1,1610612752,NYK,1630540,McBride,M. McBride,7,263,26,Missed,1,,,0,v,MISS McBride 26' 3PT Pullup Jump Shot,Missed Shot,Pullup Jump shot,1,3,112
0042500401,151,PT01M37.00S,1,1610612759,SAS,1642844,Harper,D. Harper,0,0,0,,0,,,0,h,Harper REBOUND (Off:0 Def:2),Rebound,Unknown,1,0,113
0042500401,153,PT01M28.00S,1,1610612759,SAS,1642844,Harper,D. Harper,9,73,7,Made,1,27,17,44,h,Harper 7' Driving Floating Jump Shot (10 PTS) (Barnes 1 AST),Made Shot,Driving Floating Jump Shot,1,2,114
0042500401,155,PT01M27.00S,1,0,,1610612752,,,0,0,0,,0,,,0,v,Knicks Timeout: Regular (Reg.2 Short 0),Timeout,Regular,0,0,115
0042500401,157,PT01M27.00S,1,1610612752,NYK,1628384,Anunoby,O. Anunoby,0,0,0,,0,,,0,v,SUB: Alvarado FOR Anunoby,Substitution,,0,0,116
0042500401,158,PT01M27.00S,1,1610612752,NYK,1628973,Brunson,J. Brunson,0,0,0,,0,,,0,v,SUB: Bridges FOR Brunson,Substitution,,0,0,117
0042500401,159,PT01M27.00S,1,1610612752,NYK,1629011,Robinson,M. Robinson,0,0,0,,0,,,0,v,SUB: Towns FOR Robinson,Substitution,,0,0,118
0042500401,163,PT01M16.00S,1,1610612752,NYK,1630540,McBride,M. McBride,-217,146,26,Missed,1,,,0,v,MISS McBride 26' 3PT Jump Shot,Missed Shot,Jump Shot,1,3,119
0042500401,164,PT01M15.00S,1,1610612752,NYK,1628969,Bridges,M. Bridges,0,0,0,,0,,,0,v,Bridges REBOUND (Off:1 Def:1),Rebound,Unknown,1,0,120
0042500401,165,PT01M15.00S,1,1610612752,NYK,1628969,Bridges,M. Bridges,0,0,0,Made,1,27,19,46,v,Bridges Tip Layup Shot (2 PTS),Made Shot,Tip Layup Shot,1,2,121
0042500401,166,PT00M58.30S,1,1610612759,SAS,1641705,Wembanyama,V. Wembanyama,-99,63,12,Missed,1,,,0,h,MISS Wembanyama 12' Fadeaway Bank Shot,Missed Shot,Fadeaway Bank shot,1,2,122
0042500401,167,PT00M54.90S,1,1610612752,NYK,1630631,Alvarado,J. Alvarado,0,0,0,,0,,,0,v,Alvarado REBOUND (Off:0 Def:1),Rebound,Unknown,1,0,123
0042500401,168,PT00M40.50S,1,1610612759,SAS,1630577,Champagnie,J. Champagnie,0,0,0,,0,,,0,h,Champagnie P.FOUL (P1.T4) (S.Wright),Foul,Personal,1,0,124
0042500401,170,PT00M40.50S,1,1610612759,SAS,203084,Barnes,H. Barnes,0,0,0,,0,,,0,h,SUB: Castle FOR Barnes,Substitution,,0,0,125
0042500401,172,PT00M27.50S,1,1610612752,NYK,1630631,Alvarado,J. Alvarado,-178,193,26,Missed,1,,,0,v,MISS Alvarado 26' 3PT Step Back Jump Shot,Missed Shot,Step Back Jump shot,1,3,126
0042500401,173,PT00M25.90S,1,1610612759,SAS,1630577,Champagnie,J. Champagnie,0,0,0,,0,,,0,h,Champagnie REBOUND (Off:1 Def:4),Rebound,Unknown,1,0,127
0042500401,174,PT00M02.30S,1,1610612759,SAS,1642264,Castle,S. Castle,-23,109,11,Missed,1,,,0,h,MISS Castle 11' Turnaround Jump Shot,Missed Shot,Turnaround Jump Shot,1,2,128
0042500401,175,PT00M02.30S,1,1610612752,NYK,1626157,Towns,K. Towns,0,0,0,,0,,,0,v,Towns REBOUND (Off:1 Def:1),Rebound,Unknown,1,0,129
0042500401,176,PT00M00.00S,1,0,,0,,,0,0,0,,0,27,19,46,,End of 1st Period (9:12 PM EST),period,end,1,0,130
0042500401,181,PT12M00.00S,2,0,,0,,,0,0,0,,0,27,19,46,,Start of 2nd Period (9:15 PM EST),period,start,0,0,131
0042500401,182,PT11M36.00S,2,1610612759,SAS,1641705,Wembanyama,V. Wembanyama,-184,242,30,Missed,1,,,0,h,MISS Wembanyama 30' 3PT Jump Bank Shot,Missed Shot,Jump Bank Shot,1,3,132
0042500401,183,PT11M34.00S,2,1610612752,NYK,1630631,Alvarado,J. Alvarado,0,0,0,,0,,,0,v,Alvarado REBOUND (Off:0 Def:2),Rebound,Unknown,1,0,133
0042500401,184,PT11M31.00S,2,1610612752,NYK,1630631,Alvarado,J. Alvarado,0,0,0,,0,,,0,v,Alvarado Out of Bounds - Bad Pass Turnover Turnover (P1.T5),Turnover,Out of Bounds - Bad Pass Turnover,1,0,134
0042500401,186,PT11M25.00S,2,1610612752,NYK,1630631,Alvarado,J. Alvarado,0,0,0,,0,,,0,v,Alvarado P.FOUL (P1.T1) (J.Capers),Foul,Personal,1,0,135
0042500401,188,PT11M17.00S,2,1610612759,SAS,203084,Barnes,H. Barnes,190,167,25,Missed,1,,,0,h,MISS Barnes 25' 3PT Jump Shot,Missed Shot,Jump Shot,1,3,136
0042500401,189,PT11M14.00S,2,1610612752,NYK,1626157,Towns,K. Towns,0,0,0,,0,,,0,v,Towns REBOUND (Off:1 Def:2),Rebound,Unknown,1,0,137
0042500401,190,PT11M05.00S,2,1610612759,SAS,1628368,Fox,D. Fox,0,0,0,,0,,,0,h,Fox P.FOUL (P1.T1) (J.Capers),Foul,Personal,1,0,138
0042500401,192,PT10M54.00S,2,1610612752,NYK,1630540,McBride,M. McBride,118,231,26,Made,1,27,22,49,v,McBride 26' 3PT Jump Shot (3 PTS) (Alvarado 1 AST),Made Shot,Jump Shot,1,3,139
0042500401,194,PT10M46.00S,2,1610612759,SAS,1641705,Wembanyama,V. Wembanyama,0,0,0,,0,,,0,h,Wembanyama Lost Ball Turnover (P2.T3),Turnover,Lost Ball,1,0,140
0042500401,194,PT10M46.00S,2,1610612752,NYK,1630631,Alvarado,J. Alvarado,0,0,0,,0,,,0,v,Alvarado STEAL (1 STL),,,1,0,141
0042500401,196,PT10M41.00S,2,1610612752,NYK,1626157,Towns,K. Towns,31,9,3,Missed,1,,,0,v,MISS Towns 3' Driving Dunk,Missed Shot,Driving Dunk Shot,1,2,142
0042500401,196,PT10M41.00S,2,1610612759,SAS,1641705,Wembanyama,V. Wembanyama,0,0,0,,0,,,0,h,Wembanyama BLOCK (2 BLK),,,1,2,143
0042500401,198,PT10M40.00S,2,0,,1610612752,,,0,0,0,,0,,,0,v,Knicks Rebound,Rebound,Unknown,1,0,144
0042500401,200,PT10M32.00S,2,1610612752,NYK,1630631,Alvarado,J. Alvarado,-40,8,4,Made,1,27,24,51,v,Alvarado 4' Driving Reverse Layup (2 PTS),Made Shot,Driving Reverse Layup Shot,1,2,145
0042500401,201,PT10M32.00S,2,1610612759,SAS,1641705,Wembanyama,V. Wembanyama,0,0,0,,0,,,0,h,Wembanyama Violation:Defensive Goaltending (J.Capers),Violation,Defensive Goaltending,0,0,146
0042500401,202,PT10M24.00S,2,1610612752,NYK,1630540,McBride,M. McBride,0,0,0,,0,,,0,v,McBride P.FOUL (P1.T2) (S.Foster),Foul,Personal,1,0,147
0042500401,204,PT10M15.00S,2,1610612759,SAS,1642264,Castle,S. Castle,13,10,2,Made,1,29,24,53,h,Castle 2' Driving Floating Bank Jump Shot (6 PTS),Made Shot,Driving Floating Bank Jump Shot,1,2,148
0042500401,205,PT10M03.00S,2,1610612752,NYK,1626157,Towns,K. Towns,6,16,2,Made,1,29,26,55,v,Towns 2' Driving Layup (6 PTS),Made Shot,Driving Layup Shot,1,2,149
0042500401,206,PT09M58.00S,2,1610612752,NYK,1630631,Alvarado,J. Alvarado,0,0,0,,0,,,0,v,Alvarado S.FOUL (P2.T3) (J.Capers),Foul,Shooting,1,0,150
0042500401,208,PT09M58.00S,2,1610612759,SAS,1641705,Wembanyama,V. Wembanyama,0,0,0,,0,30,26,56,h,Wembanyama Free Throw 1 of 2 (6 PTS),Free Throw,Free Throw 1 of 2,1,0,151
0042500401,209,PT09M58.00S,2,1610612759,SAS,1628368,Fox,D. Fox,0,0,0,,0,,,0,h,SUB: Harper FOR Fox,Substitution,,0,0,152
0042500401,210,PT09M58.00S,2,1610612759,SAS,1630577,Champagnie,J. Champagnie,0,0,0,,0,,,0,h,SUB: Vassell FOR Champagnie,Substitution,,0,0,153
0042500401,213,PT09M58.00S,2,1610612759,SAS,1641705,Wembanyama,V. Wembanyama,0,0,0,,0,31,26,57,h,Wembanyama Free Throw 2 of 2 (7 PTS),Free Throw,Free Throw 2 of 2,1,0,154
0042500401,214,PT09M38.00S,2,1610612752,NYK,1629013,Shamet,L. Shamet,-151,68,17,Missed,1,,,0,v,MISS Shamet 17' Pullup Jump Shot,Missed Shot,Pullup Jump shot,1,2,155
0042500401,215,PT09M35.00S,2,1610612759,SAS,1630170,Vassell,D. Vassell,0,0,0,,0,,,0,h,Vassell REBOUND (Off:1 Def:2),Rebound,Unknown,1,0,156
0042500401,216,PT09M33.00S,2,1610612759,SAS,1630170,Vassell,D. Vassell,7,274,27,Missed,1,,,0,h,MISS Vassell 27' 3PT Running Jump Shot,Missed Shot,Running Jump Shot,1,3,157
0042500401,217,PT09M31.00S,2,1610612752,NYK,1630631,Alvarado,J. Alvarado,0,0,0,,0,,,0,v,Alvarado REBOUND (Off:0 Def:3),Rebound,Unknown,1,0,158
0042500401,218,PT09M19.00S,2,1610612752,NYK,1630631,Alvarado,J. Alvarado,29,14,3,Made,1,31,28,59,v,Alvarado 3' Driving Finger Roll Layup (4 PTS),Made Shot,Driving Finger Roll Layup Shot,1,2,159
0042500401,219,PT09M07.00S,2,1610612759,SAS,1642264,Castle,S. Castle,0,0,0,,0,,,0,h,Castle Bad Pass Turnover (P2.T4),Turnover,Bad Pass,1,0,160
0042500401,219,PT09M07.00S,2,1610612752,NYK,1628384,Anunoby,O. Anunoby,0,0,0,,0,,,0,v,Anunoby STEAL (1 STL),,,1,0,161
0042500401,221,PT09M02.00S,2,1610612752,NYK,1630540,McBride,M. McBride,235,74,25,Missed,1,,,0,v,MISS McBride 25' 3PT Running Jump Shot,Missed Shot,Running Jump Shot,1,3,162
0042500401,222,PT09M00.00S,2,1610612759,SAS,1630170,Vassell,D. Vassell,0,0,0,,0,,,0,h,Vassell REBOUND (Off:1 Def:3),Rebound,Unknown,1,0,163
0042500401,223,PT08M47.00S,2,1610612759,SAS,1641705,Wembanyama,V. Wembanyama,27,15,3,Missed,1,,,0,h,MISS Wembanyama 3' Driving Floating Bank Jump Shot,Missed Shot,Driving Floating Bank Jump Shot,1,2,164
0042500401,224,PT08M44.00S,2,1610612752,NYK,1630631,Alvarado,J. Alvarado,0,0,0,,0,,,0,v,Alvarado REBOUND (Off:0 Def:4),Rebound,Unknown,1,0,165
0042500401,225,PT08M40.00S,2,1610612752,NYK,1629013,Shamet,L. Shamet,-235,16,24,Missed,1,,,0,v,MISS Shamet 24' 3PT Running Jump Shot,Missed Shot,Running Jump Shot,1,3,166
0042500401,226,PT08M36.00S,2,1610612759,SAS,1642844,Harper,D. Harper,0,0,0,,0,,,0,h,Harper REBOUND (Off:0 Def:3),Rebound,Unknown,1,0,167
0042500401,227,PT08M28.00S,2,1610612759,SAS,1642844,Harper,D. Harper,43,257,26,Missed,1,,,0,h,MISS Harper 26' 3PT Jump Shot,Missed Shot,Jump Shot,1,3,168
0042500401,228,PT08M25.00S,2,1610612752,NYK,1626157,Towns,K. Towns,0,0,0,,0,,,0,v,Towns REBOUND (Off:1 Def:3),Rebound,Unknown,1,0,169
0042500401,229,PT08M03.00S,2,1610612752,NYK,1626157,Towns,K. Towns,0,0,0,,0,,,0,v,Towns OFF.Foul (P1) (S.Foster),Foul,Offensive,1,0,170
0042500401,233,PT08M03.00S,2,1610612752,NYK,1626157,Towns,K. Towns,0,0,0,,0,,,0,v,Towns Offensive Foul Turnover (P2.T6),Turnover,Offensive Foul Turnover,1,0,171
0042500401,231,PT08M03.00S,2,0,,1610612759,,,0,0,0,,0,,,0,h,SPURS Timeout: Regular (Full 2 Short 0),Timeout,Regular,0,0,172
0042500401,232,PT08M03.00S,2,0,,229,Edwards,J. Edwards,0,0,0,,0,31,28,59,,Instant Replay2nd Period (9:23 PM EST),Instant Replay,Coach Challenge Overturn Ruling,0,0,173
0042500401,234,PT08M03.00S,2,1610612759,SAS,1641705,Wembanyama,V. Wembanyama,0,0,0,,0,,,0,h,SUB: Kornet FOR Wembanyama,Substitution,,0,0,174
0042500401,235,PT08M03.00S,2,1610612759,SAS,203084,Barnes,H. Barnes,0,0,0,,0,,,0,h,SUB: Bryant FOR Barnes,Substitution,,0,0,175
0042500401,236,PT08M03.00S,2,1610612752,NYK,1630540,McBride,M. McBride,0,0,0,,0,,,0,v,SUB: Hart FOR McBride,Substitution,,0,0,176
0042500401,237,PT08M03.00S,2,1610612752,NYK,1630631,Alvarado,J. Alvarado,0,0,0,,0,,,0,v,SUB: Brunson FOR Alvarado,Substitution,,0,0,177
0042500401,238,PT08M03.00S,2,1610612752,NYK,1628384,Anunoby,O. Anunoby,0,0,0,,0,,,0,v,SUB: Clarkson FOR Anunoby,Substitution,,0,0,178
0042500401,239,PT08M03.00S,2,1610612752,NYK,1626157,Towns,K. Towns,0,0,0,,0,,,0,v,SUB: Robinson FOR Towns,Substitution,,0,0,179
0042500401,240,PT08M03.00S,2,1610612752,NYK,1629013,Shamet,L. Shamet,0,0,0,,0,,,0,v,SUB: Bridges FOR Shamet,Substitution,,0,0,180
0042500401,248,PT07M44.00S,2,1610612752,NYK,1628404,Hart,J. Hart,0,0,0,,0,,,0,v,Hart P.FOUL (P3.T4) (S.Wright),Foul,Personal,1,0,181
0042500401,250,PT07M36.00S,2,1610612759,SAS,1630170,Vassell,D. Vassell,25,128,13,Missed,1,,,0,h,MISS Vassell 13' Pullup Jump Shot,Missed Shot,Pullup Jump shot,1,2,182
0042500401,251,PT07M35.00S,2,1610612752,NYK,1628973,Brunson,J. Brunson,0,0,0,,0,,,0,v,Brunson REBOUND (Off:0 Def:2),Rebound,Unknown,1,0,183
0042500401,252,PT07M26.00S,2,1610612752,NYK,1629011,Robinson,M. Robinson,-15,8,2,Made,1,31,30,61,v,Robinson 2' Alley Oop Dunk (2 PTS) (Hart 3 AST),Made Shot,Alley Oop Dunk Shot,1,2,184
0042500401,254,PT07M26.00S,2,1610612759,SAS,1628436,Kornet,L. Kornet,0,0,0,,0,,,0,h,Kornet S.FOUL (P1.T2) (S.Wright),Foul,Shooting,1,0,185
0042500401,256,PT07M26.00S,2,1610612759,SAS,1642264,Castle,S. Castle,0,0,0,,0,,,0,h,SUB: Fox FOR Castle,Substitution,,0,0,186
0042500401,257,PT07M26.00S,2,1610612752,NYK,1628404,Hart,J. Hart,0,0,0,,0,,,0,v,SUB: Shamet FOR Hart,Substitution,,0,0,187
0042500401,260,PT07M26.00S,2,1610612752,NYK,1629011,Robinson,M. Robinson,0,0,0,,0,,,0,v,MISS Robinson Free Throw 1 of 1,Free Throw,Free Throw 1 of 1,1,0,188
0042500401,261,PT07M23.00S,2,1610612759,SAS,1642844,Harper,D. Harper,0,0,0,,0,,,0,h,Harper REBOUND (Off:0 Def:4),Rebound,Unknown,1,0,189
0042500401,262,PT07M17.00S,2,1610612752,NYK,203903,Clarkson,J. Clarkson,0,0,0,,0,,,0,v,Clarkson P.FOUL (P1.PN) (S.Foster),Foul,Personal,1,0,190
0042500401,264,PT07M17.00S,2,1610612759,SAS,1642868,Bryant,C. Bryant,0,0,0,,0,,,0,h,MISS Bryant Free Throw 1 of 2,Free Throw,Free Throw 1 of 2,1,0,191
0042500401,265,PT07M17.00S,2,0,,1610612759,,,0,0,0,,0,,,0,h,SPURS Rebound,Rebound,Normal Rebound,0,0,192
0042500401,266,PT07M17.00S,2,1610612759,SAS,1642868,Bryant,C. Bryant,0,0,0,,0,32,30,62,h,Bryant Free Throw 2 of 2 (1 PTS),Free Throw,Free Throw 2 of 2,0,0,193
0042500401,267,PT07M02.00S,2,1610612752,NYK,203903,Clarkson,J. Clarkson,-213,145,26,Missed,1,,,0,v,MISS Clarkson 26' 3PT Jump Shot,Missed Shot,Jump Shot,1,3,194
0042500401,268,PT06M59.00S,2,1610612759,SAS,1642844,Harper,D. Harper,0,0,0,,0,,,0,h,Harper REBOUND (Off:0 Def:5),Rebound,Unknown,1,0,195
0042500401,269,PT06M47.00S,2,1610612759,SAS,1628368,Fox,D. Fox,119,227,26,Missed,1,,,0,h,MISS Fox 26' 3PT Step Back Jump Shot,Missed Shot,Step Back Jump shot,1,3,196
0042500401,270,PT06M44.00S,2,1610612759,SAS,1630170,Vassell,D. Vassell,0,0,0,,0,,,0,h,Vassell REBOUND (Off:2 Def:3),Rebound,Unknown,1,0,197
0042500401,271,PT06M41.00S,2,1610612759,SAS,1628368,Fox,D. Fox,1,60,6,Missed,1,,,0,h,MISS Fox 6' Pullup Jump Shot,Missed Shot,Pullup Jump shot,1,2,198
0042500401,272,PT06M40.00S,2,1610612752,NYK,1629011,Robinson,M. Robinson,0,0,0,,0,,,0,v,Robinson REBOUND (Off:0 Def:2),Rebound,Unknown,1,0,199
0042500401,273,PT06M33.00S,2,1610612752,NYK,1628973,Brunson,J. Brunson,-28,10,3,Missed,1,,,0,v,MISS Brunson 3' Running Finger Roll Layup,Missed Shot,Running Finger Roll Layup Shot,1,2,200
0042500401,274,PT06M32.00S,2,1610612752,NYK,1629011,Robinson,M. Robinson,0,0,0,,0,,,0,v,Robinson REBOUND (Off:1 Def:2),Rebound,Unknown,1,0,201
0042500401,275,PT06M32.00S,2,1610612752,NYK,1629011,Robinson,M. Robinson,0,0,0,Missed,1,,,0,v,MISS Robinson Tip Dunk Shot,Missed Shot,Tip Dunk Shot,1,2,202
0042500401,276,PT06M31.00S,2,1610612759,SAS,1642844,Harper,D. Harper,0,0,0,,0,,,0,h,Harper REBOUND (Off:0 Def:6),Rebound,Unknown,1,0,203
0042500401,277,PT06M25.00S,2,1610612759,SAS,1628368,Fox,D. Fox,-5,4,1,Made,1,34,30,64,h,Fox 1' Running Finger Roll Layup (2 PTS) (Vassell 1 AST),Made Shot,Running Finger Roll Layup Shot,1,2,204
0042500401,279,PT06M03.00S,2,1610612752,NYK,1628973,Brunson,J. Brunson,-16,11,2,Made,1,34,32,66,v,Brunson 2' Driving Floating Jump Shot (5 PTS),Made Shot,Driving Floating Jump Shot,1,2,205
0042500401,280,PT05M55.00S,2,1610612759,SAS,1630170,Vassell,D. Vassell,-152,214,26,Made,1,37,32,69,h,Vassell 26' 3PT Jump Shot (5 PTS) (Harper 1 AST),Made Shot,Jump Shot,1,3,206
0042500401,282,PT05M52.00S,2,0,,1610612752,,,0,0,0,,0,,,0,v,Knicks Timeout: Regular (Reg.3 Short 0),Timeout,Regular,0,0,207
0042500401,283,PT05M37.00S,2,1610612752,NYK,1628973,Brunson,J. Brunson,21,79,8,Missed,1,,,0,v,MISS Brunson 8' Driving Floating Jump Shot,Missed Shot,Driving Floating Jump Shot,1,2,208
0042500401,284,PT05M35.00S,2,1610612752,NYK,1628973,Brunson,J. Brunson,0,0,0,,0,,,0,v,Brunson REBOUND (Off:1 Def:2),Rebound,Unknown,1,0,209
0042500401,285,PT05M35.00S,2,1610612752,NYK,1628973,Brunson,J. Brunson,0,0,0,Made,1,37,34,71,v,Brunson Tip Layup Shot (7 PTS),Made Shot,Tip Layup Shot,1,2,210
0042500401,286,PT05M22.00S,2,1610612759,SAS,1630170,Vassell,D. Vassell,0,0,0,,0,,,0,h,Vassell OFF.Foul (P1) (S.Foster),Foul,Offensive,1,0,211
0042500401,288,PT05M22.00S,2,1610612759,SAS,1630170,Vassell,D. Vassell,0,0,0,,0,,,0,h,Vassell Offensive Foul Turnover (P1.T5),Turnover,Offensive Foul Turnover,1,0,212
0042500401,289,PT05M01.00S,2,1610612752,NYK,1628973,Brunson,J. Brunson,50,31,6,Made,1,37,36,73,v,Brunson 6' Finger Roll Layup (9 PTS),Made Shot,Finger Roll Layup Shot,1,2,213
0042500401,290,PT04M44.00S,2,1610612759,SAS,1628368,Fox,D. Fox,-40,85,9,Missed,1,,,0,h,MISS Fox 9' Fadeaway Jumper,Missed Shot,Fadeaway Jump Shot,1,2,214
0042500401,291,PT04M40.00S,2,1610612752,NYK,1629011,Robinson,M. Robinson,0,0,0,,0,,,0,v,Robinson REBOUND (Off:1 Def:3),Rebound,Unknown,1,0,215
0042500401,292,PT04M20.00S,2,1610612752,NYK,1628973,Brunson,J. Brunson,-34,36,5,Made,1,37,38,75,v,Brunson 5' Driving Floating Jump Shot (11 PTS),Made Shot,Driving Floating Jump Shot,1,2,216
0042500401,293,PT04M11.00S,2,1610612759,SAS,1642844,Harper,D. Harper,12,28,3,Made,1,39,38,77,h,Harper 3' Driving Finger Roll Layup (12 PTS),Made Shot,Driving Finger Roll Layup Shot,1,2,217
0042500401,294,PT03M56.00S,2,1610612752,NYK,1628969,Bridges,M. Bridges,38,171,18,Made,1,39,40,79,v,Bridges 18' Pullup Jump Shot (4 PTS),Made Shot,Pullup Jump shot,1,2,218
0042500401,295,PT03M45.00S,2,1610612759,SAS,1642868,Bryant,C. Bryant,230,57,24,Missed,1,,,0,h,MISS Bryant 24' 3PT Jump Shot,Missed Shot,Jump Shot,1,3,219
0042500401,296,PT03M42.00S,2,1610612752,NYK,1629011,Robinson,M. Robinson,0,0,0,,0,,,0,v,Robinson REBOUND (Off:1 Def:4),Rebound,Unknown,1,0,220
0042500401,297,PT03M37.00S,2,1610612759,SAS,1642868,Bryant,C. Bryant,0,0,0,,0,,,0,h,Bryant P.FOUL (P1.T3) (J.Capers),Foul,Personal,1,0,221
0042500401,299,PT03M37.00S,2,1610612759,SAS,1628436,Kornet,L. Kornet,0,0,0,,0,,,0,h,SUB: Wembanyama FOR Kornet,Substitution,,0,0,222
0042500401,300,PT03M37.00S,2,1610612759,SAS,1642868,Bryant,C. Bryant,0,0,0,,0,,,0,h,SUB: Johnson FOR Bryant,Substitution,,0,0,223
0042500401,301,PT03M37.00S,2,1610612759,SAS,1630170,Vassell,D. Vassell,0,0,0,,0,,,0,h,SUB: Castle FOR Vassell,Substitution,,0,0,224
0042500401,305,PT03M30.00S,2,1610612752,NYK,1628969,Bridges,M. Bridges,0,0,0,,0,,,0,v,Bridges Out of Bounds - Bad Pass Turnover Turnover (P1.T7),Turnover,Out of Bounds - Bad Pass Turnover,1,0,225
0042500401,306,PT03M19.00S,2,1610612759,SAS,1629640,Johnson,K. Johnson,-243,7,24,Made,1,42,40,82,h,Johnson 24' 3PT Jump Shot (3 PTS) (Castle 2 AST),Made Shot,Jump Shot,1,3,226
0042500401,308,PT03M01.00S,2,1610612752,NYK,1628973,Brunson,J. Brunson,152,222,27,Missed,1,,,0,v,MISS Brunson 27' 3PT Pullup Jump Shot,Missed Shot,Pullup Jump shot,1,3,227
0042500401,309,PT02M58.00S,2,1610612759,SAS,1641705,Wembanyama,V. Wembanyama,0,0,0,,0,,,0,h,Wembanyama REBOUND (Off:0 Def:2),Rebound,Unknown,1,0,228
0042500401,310,PT02M51.00S,2,1610612759,SAS,1641705,Wembanyama,V. Wembanyama,1,290,29,Missed,1,,,0,h,MISS Wembanyama 29' 3PT Jump Shot,Missed Shot,Jump Shot,1,3,229
0042500401,311,PT02M48.00S,2,1610612752,NYK,203903,Clarkson,J. Clarkson,0,0,0,,0,,,0,v,Clarkson REBOUND (Off:0 Def:1),Rebound,Unknown,1,0,230
0042500401,312,PT02M32.00S,2,1610612752,NYK,1629013,Shamet,L. Shamet,230,84,24,Made,1,42,43,85,v,Shamet 24' 3PT Step Back Jump Shot (6 PTS) (Brunson 2 AST),Made Shot,Step Back Jump shot,1,3,231
0042500401,314,PT02M24.00S,2,1610612752,NYK,1629011,Robinson,M. Robinson,0,0,0,,0,,,0,v,Robinson S.FOUL (P1.PN) (J.Capers),Foul,Shooting,1,0,232
0042500401,316,PT02M24.00S,2,1610612759,SAS,1641705,Wembanyama,V. Wembanyama,0,0,0,,0,43,43,86,h,Wembanyama Free Throw 1 of 2 (8 PTS),Free Throw,Free Throw 1 of 2,1,0,233
0042500401,317,PT02M24.00S,2,1610612759,SAS,1628368,Fox,D. Fox,0,0,0,,0,,,0,h,SUB: Champagnie FOR Fox,Substitution,,0,0,234
0042500401,318,PT02M24.00S,2,1610612752,NYK,203903,Clarkson,J. Clarkson,0,0,0,,0,,,0,v,SUB: Anunoby FOR Clarkson,Substitution,,0,0,235
0042500401,319,PT02M24.00S,2,1610612752,NYK,1628973,Brunson,J. Brunson,0,0,0,,0,,,0,v,SUB: Towns FOR Brunson,Substitution,,0,0,236
0042500401,320,PT02M24.00S,2,1610612752,NYK,1629011,Robinson,M. Robinson,0,0,0,,0,,,0,v,SUB: Alvarado FOR Robinson,Substitution,,0,0,237
0042500401,325,PT02M24.00S,2,1610612759,SAS,1641705,Wembanyama,V. Wembanyama,0,0,0,,0,44,43,87,h,Wembanyama Free Throw 2 of 2 (9 PTS),Free Throw,Free Throw 2 of 2,1,0,238
0042500401,326,PT02M10.00S,2,1610612752,NYK,1628384,Anunoby,O. Anunoby,234,36,24,Missed,1,,,0,v,MISS Anunoby 24' 3PT Jump Shot,Missed Shot,Jump Shot,1,3,239
0042500401,327,PT02M08.00S,2,1610612759,SAS,1630577,Champagnie,J. Champagnie,0,0,0,,0,,,0,h,Champagnie REBOUND (Off:1 Def:5),Rebound,Unknown,1,0,240
0042500401,328,PT01M59.00S,2,1610612759,SAS,1630577,Champagnie,J. Champagnie,-200,179,27,Made,1,47,43,90,h,Champagnie 27' 3PT Jump Shot (9 PTS) (Wembanyama 1 AST),Made Shot,Jump Shot,1,3,241
0042500401,330,PT01M34.00S,2,1610612752,NYK,1630631,Alvarado,J. Alvarado,179,184,26,Made,1,47,46,93,v,Alvarado 26' 3PT Jump Shot (7 PTS) (Bridges 2 AST),Made Shot,Jump Shot,1,3,242
0042500401,332,PT01M22.00S,2,1610612759,SAS,1630577,Champagnie,J. Champagnie,-241,0,24,Made,1,50,46,96,h,Champagnie 24' 3PT Jump Shot (12 PTS) (Castle 3 AST),Made Shot,Jump Shot,1,3,243
0042500401,334,PT01M14.00S,2,1610612759,SAS,1642264,Castle,S. Castle,0,0,0,,0,,,0,h,Castle P.FOUL (P1.T4) (J.Capers),Foul,Personal,1,0,244
0042500401,336,PT01M14.00S,2,1610612759,SAS,1642844,Harper,D. Harper,0,0,0,,0,,,0,h,SUB: Fox FOR Harper,Substitution,,0,0,245
0042500401,337,PT01M14.00S,2,1610612759,SAS,1629640,Johnson,K. Johnson,0,0,0,,0,,,0,h,SUB: Vassell FOR Johnson,Substitution,,0,0,246
0042500401,338,PT01M14.00S,2,1610612752,NYK,1630631,Alvarado,J. Alvarado,0,0,0,,0,,,0,v,SUB: Brunson FOR Alvarado,Substitution,,0,0,247
0042500401,342,PT00M58.50S,2,1610612752,NYK,1628973,Brunson,J. Brunson,-224,134,26,Missed,1,,,0,v,MISS Brunson 26' 3PT Step Back Jump Shot,Missed Shot,Step Back Jump shot,1,3,248
0042500401,343,PT00M57.60S,2,0,,1610612752,,,0,0,0,,0,,,0,v,Knicks Rebound,Rebound,Unknown,1,0,249
0042500401,344,PT00M57.60S,2,1610612759,SAS,1642264,Castle,S. Castle,0,0,0,,0,,,0,h,Castle L.B.FOUL (P2.PN) (S.Wright),Foul,Loose Ball,1,0,250
0042500401,346,PT00M57.60S,2,1610612752,NYK,1626157,Towns,K. Towns,0,0,0,,0,50,47,97,v,Towns Free Throw 1 of 2 (7 PTS),Free Throw,Free Throw 1 of 2,1,0,251
0042500401,347,PT00M57.60S,2,1610612752,NYK,1626157,Towns,K. Towns,0,0,0,,0,50,48,98,v,Towns Free Throw 2 of 2 (8 PTS),Free Throw,Free Throw 2 of 2,1,0,252
0042500401,348,PT00M47.80S,2,1610612759,SAS,1642264,Castle,S. Castle,61,121,14,Missed,1,,,0,h,MISS Castle 14' Step Back Jump Shot,Missed Shot,Step Back Jump shot,1,2,253
0042500401,349,PT00M45.10S,2,1610612752,NYK,1626157,Towns,K. Towns,0,0,0,,0,,,0,v,Towns REBOUND (Off:1 Def:4),Rebound,Unknown,1,0,254
0042500401,350,PT00M39.20S,2,1610612752,NYK,1628973,Brunson,J. Brunson,0,0,0,,0,,,0,v,Brunson Lost Ball Turnover (P3.T8),Turnover,Lost Ball,1,0,255
0042500401,350,PT00M39.20S,2,1610612759,SAS,1628368,Fox,D. Fox,0,0,0,,0,,,0,h,Fox STEAL (1 STL),,,1,0,256
0042500401,352,PT00M37.40S,2,1610612759,SAS,1628368,Fox,D. Fox,-12,7,1,Made,1,52,48,100,h,Fox 1' Running Dunk (4 PTS),Made Shot,Running Dunk Shot,1,2,257
0042500401,353,PT00M24.30S,2,1610612752,NYK,1626157,Towns,K. Towns,-4,41,4,Missed,1,,,0,v,MISS Towns 4' Driving Floating Jump Shot,Missed Shot,Driving Floating Jump Shot,1,2,258
0042500401,354,PT00M23.00S,2,1610612752,NYK,1626157,Towns,K. Towns,0,0,0,,0,,,0,v,Towns REBOUND (Off:2 Def:4),Rebound,Unknown,1,0,259
0042500401,361,PT00M23.00S,2,1610612752,NYK,1626157,Towns,K. Towns,6,17,2,Missed,1,,,0,v,MISS Towns 2' Tip Layup Shot,Missed Shot,Tip Layup Shot,1,2,260
0042500401,362,PT00M22.20S,2,1610612759,SAS,1642264,Castle,S. Castle,0,0,0,,0,,,0,h,Castle REBOUND (Off:2 Def:3),Rebound,Unknown,1,0,261
0042500401,355,PT00M02.30S,2,1610612759,SAS,1630577,Champagnie,J. Champagnie,228,0,0,Made,1,55,48,103,h,Champagnie 3PT Jump Shot (15 PTS) (Fox 4 AST),Made Shot,Jump Shot,1,3,262
0042500401,357,PT00M00.30S,2,0,,0,,,0,0,0,,0,,,0,v,KNICKS Heave,Heave,Team Field Goal Attempt,1,0,263
0042500401,357,PT00M00.30S,2,0,,0,,,0,0,0,,0,,,0,h,Wembanyama BLOCK (3 BLK),,,1,0,264
0042500401,359,PT00M00.10S,2,0,,1610612752,,,0,0,0,,0,,,0,v,Knicks Rebound,Rebound,Unknown,0,0,265
0042500401,360,PT00M00.00S,2,0,,0,,,0,0,0,,0,55,48,103,,End of 2nd Period (9:45 PM EST),period,end,1,0,266
0042500401,365,PT12M00.00S,3,0,,0,,,0,0,0,,0,55,48,103,,Start of 3rd Period (10:02 PM EST),period,start,1,0,267
0042500401,366,PT11M52.00S,3,1610612752,NYK,1628969,Bridges,M. Bridges,0,0,0,,0,,,0,v,Bridges P.FOUL (P2.T1) (J.Capers),Foul,Personal,1,0,268
0042500401,368,PT11M43.00S,3,1610612759,SAS,1641705,Wembanyama,V. Wembanyama,-2,163,16,Missed,1,,,0,h,MISS Wembanyama 16' Pullup Jump Shot,Missed Shot,Pullup Jump shot,1,2,269
0042500401,369,PT11M41.00S,3,1610612752,NYK,1628384,Anunoby,O. Anunoby,0,0,0,,0,,,0,v,Anunoby REBOUND (Off:0 Def:1),Rebound,Unknown,1,0,270
0042500401,370,PT11M19.00S,3,1610612752,NYK,1628404,Hart,J. Hart,-221,139,26,Missed,1,,,0,v,MISS Hart 26' 3PT Jump Shot,Missed Shot,Jump Shot,1,3,271
0042500401,371,PT11M16.00S,3,1610612759,SAS,1630170,Vassell,D. Vassell,0,0,0,,0,,,0,h,Vassell REBOUND (Off:2 Def:4),Rebound,Unknown,1,0,272
0042500401,372,PT11M10.00S,3,1610612759,SAS,1641705,Wembanyama,V. Wembanyama,0,0,0,,0,,,0,h,Wembanyama Out of Bounds Lost Ball Turnover (P3.T6),Turnover,Out of Bounds Lost Ball Turnover,1,0,273
0042500401,373,PT10M58.00S,3,1610612759,SAS,1628368,Fox,D. Fox,0,0,0,,0,,,0,h,Fox P.FOUL (P2.T1) (J.Capers),Foul,Personal,1,0,274
0042500401,375,PT10M44.00S,3,1610612752,NYK,1628384,Anunoby,O. Anunoby,200,155,25,Missed,1,,,0,v,MISS Anunoby 25' 3PT Step Back Jump Shot,Missed Shot,Step Back Jump shot,1,3,275
0042500401,376,PT10M41.00S,3,1610612759,SAS,1630170,Vassell,D. Vassell,0,0,0,,0,,,0,h,Vassell REBOUND (Off:2 Def:5),Rebound,Unknown,1,0,276
0042500401,377,PT10M31.00S,3,1610612752,NYK,1626157,Towns,K. Towns,0,0,0,,0,,,0,v,Towns S.FOUL (P2.T2) (S.Wright),Foul,Shooting,1,0,277
0042500401,379,PT10M31.00S,3,1610612759,SAS,1641705,Wembanyama,V. Wembanyama,0,0,0,,0,56,48,104,h,Wembanyama Free Throw 1 of 2 (10 PTS),Free Throw,Free Throw 1 of 2,1,0,278
0042500401,380,PT10M31.00S,3,1610612759,SAS,1641705,Wembanyama,V. Wembanyama,0,0,0,,0,57,48,105,h,Wembanyama Free Throw 2 of 2 (11 PTS),Free Throw,Free Throw 2 of 2,1,0,279
0042500401,381,PT10M12.00S,3,1610612752,NYK,1628384,Anunoby,O. Anunoby,36,173,18,Missed,1,,,0,v,MISS Anunoby 18' Pullup Jump Shot,Missed Shot,Pullup Jump shot,1,2,280
0042500401,382,PT10M09.00S,3,1610612759,SAS,1641705,Wembanyama,V. Wembanyama,0,0,0,,0,,,0,h,Wembanyama REBOUND (Off:0 Def:3),Rebound,Unknown,1,0,281
0042500401,383,PT10M04.00S,3,1610612759,SAS,1630577,Champagnie,J. Champagnie,-213,155,26,Missed,1,,,0,h,MISS Champagnie 26' 3PT Running Jump Shot,Missed Shot,Running Jump Shot,1,3,282
0042500401,384,PT10M03.00S,3,0,,1610612752,,,0,0,0,,0,,,0,v,Knicks Rebound,Rebound,Unknown,0,0,283
0042500401,386,PT09M46.00S,3,1610612752,NYK,1628973,Brunson,J. Brunson,48,170,18,Missed,1,,,0,v,MISS Brunson 18' Step Back Jump Shot,Missed Shot,Step Back Jump shot,1,2,284
0042500401,387,PT09M44.00S,3,0,,1610612759,,,0,0,0,,0,,,0,h,SPURS Rebound,Rebound,Unknown,0,0,285
0042500401,389,PT09M31.00S,3,1610612759,SAS,1642264,Castle,S. Castle,20,17,3,Made,1,59,48,107,h,Castle 3' Driving Floating Jump Shot (8 PTS),Made Shot,Driving Floating Jump Shot,1,2,286
0042500401,394,PT09M22.00S,3,1610612759,SAS,1641705,Wembanyama,V. Wembanyama,0,0,0,,0,,,0,h,Wembanyama P.FOUL (P1.T2) (S.Wright),Foul,Personal,1,0,287
0042500401,396,PT09M17.00S,3,1610612752,NYK,1626157,Towns,K. Towns,21,2,2,Made,1,59,50,109,v,Towns 2' Alley Oop Layup (10 PTS) (Hart 4 AST),Made Shot,Alley Oop Layup shot,1,2,288
0042500401,398,PT09M07.00S,3,1610612752,NYK,1626157,Towns,K. Towns,0,0,0,,0,,,0,v,Towns S.FOUL (P3.T3) (S.Foster),Foul,Shooting,1,0,289
0042500401,400,PT09M07.00S,3,1610612759,SAS,1641705,Wembanyama,V. Wembanyama,0,0,0,,0,60,50,110,h,Wembanyama Free Throw 1 of 2 (12 PTS),Free Throw,Free Throw 1 of 2,1,0,290
0042500401,401,PT09M07.00S,3,1610612759,SAS,1641705,Wembanyama,V. Wembanyama,0,0,0,,0,61,50,111,h,Wembanyama Free Throw 2 of 2 (13 PTS),Free Throw,Free Throw 2 of 2,1,0,291
0042500401,402,PT08M45.00S,3,1610612752,NYK,1628384,Anunoby,O. Anunoby,54,84,10,Missed,1,,,0,v,MISS Anunoby 10' Pullup Jump Shot,Missed Shot,Pullup Jump shot,1,2,292
0042500401,403,PT08M42.00S,3,1610612759,SAS,1630577,Champagnie,J. Champagnie,0,0,0,,0,,,0,h,Champagnie REBOUND (Off:1 Def:6),Rebound,Unknown,1,0,293
0042500401,404,PT08M32.00S,3,1610612759,SAS,1642264,Castle,S. Castle,121,230,26,Missed,1,,,0,h,MISS Castle 26' 3PT Jump Shot,Missed Shot,Jump Shot,1,3,294
0042500401,405,PT08M30.00S,3,1610612752,NYK,1626157,Towns,K. Towns,0,0,0,,0,,,0,v,Towns REBOUND (Off:2 Def:5),Rebound,Unknown,1,0,295
0042500401,406,PT08M11.00S,3,1610612752,NYK,1628969,Bridges,M. Bridges,-96,53,11,Missed,1,,,0,v,MISS Bridges 11' Turnaround Fadeaway Shot,Missed Shot,Turnaround Fadeaway shot,1,2,296
0042500401,407,PT08M08.00S,3,1610612759,SAS,1642264,Castle,S. Castle,0,0,0,,0,,,0,h,Castle REBOUND (Off:2 Def:4),Rebound,Unknown,1,0,297
0042500401,408,PT08M04.00S,3,1610612759,SAS,1628368,Fox,D. Fox,-10,52,5,Missed,1,,,0,h,MISS Fox 5' Running Pull-Up Jump Shot,Missed Shot,Running Pull-Up Jump Shot,1,2,298
0042500401,408,PT08M04.00S,3,1610612752,NYK,1628384,Anunoby,O. Anunoby,0,0,0,,0,,,0,v,Anunoby BLOCK (1 BLK),,,1,2,299
0042500401,409,PT08M03.00S,3,1610612759,SAS,1642264,Castle,S. Castle,0,0,0,,0,,,0,h,Castle REBOUND (Off:3 Def:4),Rebound,Unknown,1,0,300
0042500401,410,PT08M02.00S,3,1610612759,SAS,1642264,Castle,S. Castle,0,0,0,Made,1,63,50,113,h,Castle Tip Layup Shot (10 PTS),Made Shot,Tip Layup Shot,1,2,301
0042500401,411,PT07M53.00S,3,1610612752,NYK,1628973,Brunson,J. Brunson,-235,70,25,Missed,1,,,0,v,MISS Brunson 25' 3PT Pullup Jump Shot,Missed Shot,Pullup Jump shot,1,3,302
0042500401,412,PT07M51.00S,3,1610612759,SAS,1628368,Fox,D. Fox,0,0,0,,0,,,0,h,Fox REBOUND (Off:0 Def:2),Rebound,Unknown,1,0,303
0042500401,413,PT07M46.00S,3,1610612752,NYK,1628973,Brunson,J. Brunson,0,0,0,,0,,,0,v,Brunson P.FOUL (P1.T4) (J.Capers),Foul,Personal,1,0,304
0042500401,415,PT07M46.00S,3,1610612759,SAS,1628368,Fox,D. Fox,0,0,0,,0,,,0,h,SUB: Harper FOR Fox,Substitution,,0,0,305
0042500401,417,PT07M39.00S,3,1610612759,SAS,1641705,Wembanyama,V. Wembanyama,-62,248,26,Missed,1,,,0,h,MISS Wembanyama 26' 3PT Jump Shot,Missed Shot,Jump Shot,1,3,306
0042500401,418,PT07M35.00S,3,1610612759,SAS,1630577,Champagnie,J. Champagnie,0,0,0,,0,,,0,h,Champagnie REBOUND (Off:2 Def:6),Rebound,Unknown,1,0,307
0042500401,419,PT07M33.00S,3,1610612759,SAS,1642264,Castle,S. Castle,75,258,27,Missed,1,,,0,h,MISS Castle 27' 3PT Jump Shot,Missed Shot,Jump Shot,1,3,308
0042500401,420,PT07M33.00S,3,1610612752,NYK,1628384,Anunoby,O. Anunoby,0,0,0,,0,,,0,v,Anunoby REBOUND (Off:0 Def:2),Rebound,Unknown,1,0,309
0042500401,421,PT07M15.00S,3,1610612752,NYK,1628973,Brunson,J. Brunson,228,28,0,Missed,1,,,0,v,MISS Brunson 3PT Jump Shot,Missed Shot,Jump Shot,1,3,310
0042500401,422,PT07M11.00S,3,1610612759,SAS,1641705,Wembanyama,V. Wembanyama,0,0,0,,0,,,0,h,Wembanyama REBOUND (Off:0 Def:4),Rebound,Unknown,1,0,311
0042500401,423,PT07M07.00S,3,1610612759,SAS,1642844,Harper,D. Harper,87,16,9,Missed,1,,,0,h,MISS Harper 9' Running Pull-Up Jump Shot,Missed Shot,Running Pull-Up Jump Shot,1,2,312
0042500401,424,PT07M04.00S,3,0,,1610612759,,,0,0,0,,0,,,0,h,SPURS Rebound,Rebound,Unknown,0,0,313
0042500401,426,PT07M04.00S,3,1610612759,SAS,1641705,Wembanyama,V. Wembanyama,0,0,0,,0,,,0,h,SUB: Kornet FOR Wembanyama,Substitution,,0,0,314
0042500401,428,PT06M58.00S,3,1610612759,SAS,1630577,Champagnie,J. Champagnie,-172,195,26,Missed,1,,,0,h,MISS Champagnie 26' 3PT Jump Shot,Missed Shot,Jump Shot,1,3,315
0042500401,429,PT06M54.00S,3,1610612752,NYK,1626157,Towns,K. Towns,0,0,0,,0,,,0,v,Towns REBOUND (Off:2 Def:6),Rebound,Unknown,1,0,316
0042500401,430,PT06M50.00S,3,1610612759,SAS,1628436,Kornet,L. Kornet,0,0,0,,0,,,0,h,Kornet S.FOUL (P2.T3) (S.Foster),Foul,Shooting,1,0,317
0042500401,432,PT06M50.00S,3,0,,1610612759,,,0,0,0,,0,,,0,h,SPURS Timeout: Regular (Full 3 Short 0),Timeout,Regular,0,0,318
0042500401,433,PT06M50.00S,3,1610612752,NYK,1628969,Bridges,M. Bridges,0,0,0,,0,,,0,v,MISS Bridges Free Throw 1 of 2,Free Throw,Free Throw 1 of 2,1,0,319
0042500401,434,PT06M50.00S,3,0,,1610612752,,,0,0,0,,0,,,0,v,Knicks Rebound,Rebound,Normal Rebound,1,0,320
0042500401,436,PT06M50.00S,3,1610612752,NYK,1628969,Bridges,M. Bridges,0,0,0,,0,63,51,114,v,Bridges Free Throw 2 of 2 (5 PTS),Free Throw,Free Throw 2 of 2,1,0,321
0042500401,437,PT06M31.00S,3,1610612759,SAS,1642844,Harper,D. Harper,13,35,4,Made,1,65,51,116,h,Harper 4' Driving Floating Jump Shot (14 PTS),Made Shot,Driving Floating Jump Shot,1,2,322
0042500401,438,PT06M10.00S,3,1610612752,NYK,1628969,Bridges,M. Bridges,-5,113,11,Made,1,65,53,118,v,Bridges 11' Pullup Jump Shot (7 PTS) (Towns 3 AST),Made Shot,Pullup Jump shot,1,2,323
0042500401,439,PT06M10.00S,3,1610612759,SAS,1642844,Harper,D. Harper,0,0,0,,0,,,0,h,Harper L.B.FOUL (P2.T4) (S.Wright),Foul,Loose Ball,1,0,324
0042500401,443,PT06M10.00S,3,1610612752,NYK,1628384,Anunoby,O. Anunoby,0,0,0,,0,,,0,v,SUB: McBride FOR Anunoby,Substitution,,0,0,325
0042500401,444,PT06M10.00S,3,1610612752,NYK,1628969,Bridges,M. Bridges,0,0,0,,0,,,0,v,SUB: Shamet FOR Bridges,Substitution,,0,0,326
0042500401,442,PT06M10.00S,3,1610612752,NYK,1628404,Hart,J. Hart,0,0,0,,0,65,54,119,v,Hart Free Throw 1 of 1 (3 PTS),Free Throw,Free Throw 1 of 1,1,0,327
0042500401,447,PT05M58.00S,3,1610612759,SAS,1642264,Castle,S. Castle,-2,93,9,Made,1,67,54,121,h,Castle 9' Pullup Jump Shot (12 PTS),Made Shot,Pullup Jump shot,1,2,328
0042500401,448,PT05M40.00S,3,1610612752,NYK,1629013,Shamet,L. Shamet,-11,10,1,Made,1,67,56,123,v,Shamet 1' Cutting Layup Shot (8 PTS) (Towns 4 AST),Made Shot,Cutting Layup Shot,1,2,329
0042500401,449,PT05M33.00S,3,1610612759,SAS,1642844,Harper,D. Harper,-137,222,26,Missed,1,,,0,h,MISS Harper 26' 3PT Jump Shot,Missed Shot,Jump Shot,1,3,330
0042500401,450,PT05M31.00S,3,1610612752,NYK,1628404,Hart,J. Hart,0,0,0,,0,,,0,v,Hart REBOUND (Off:1 Def:5),Rebound,Unknown,1,0,331
0042500401,451,PT05M21.00S,3,1610612752,NYK,1626157,Towns,K. Towns,-21,10,2,Made,1,67,58,125,v,Towns 2' Driving Finger Roll Layup (12 PTS) (McBride 1 AST),Made Shot,Driving Finger Roll Layup Shot,1,2,332
0042500401,452,PT05M21.00S,3,1610612759,SAS,1628436,Kornet,L. Kornet,0,0,0,,0,,,0,h,Kornet S.FOUL (P3.PN) (J.Capers),Foul,Shooting,1,0,333
0042500401,455,PT05M21.00S,3,1610612759,SAS,1642264,Castle,S. Castle,0,0,0,,0,,,0,h,SUB: Fox FOR Castle,Substitution,,0,0,334
0042500401,457,PT05M21.00S,3,1610612752,NYK,1626157,Towns,K. Towns,0,0,0,,0,67,59,126,v,Towns Free Throw 1 of 1 (13 PTS),Free Throw,Free Throw 1 of 1,1,0,335
0042500401,458,PT05M07.00S,3,1610612759,SAS,1630577,Champagnie,J. Champagnie,26,62,7,Missed,1,,,0,h,MISS Champagnie 7' Driving Floating Jump Shot,Missed Shot,Driving Floating Jump Shot,1,2,336
0042500401,458,PT05M07.00S,3,1610612752,NYK,1626157,Towns,K. Towns,0,0,0,,0,,,0,v,Towns BLOCK (1 BLK),,,1,2,337
0042500401,460,PT05M04.00S,3,1610612752,NYK,1628404,Hart,J. Hart,0,0,0,,0,,,0,v,Hart REBOUND (Off:1 Def:6),Rebound,Unknown,1,0,338
0042500401,461,PT04M58.00S,3,1610612752,NYK,1628973,Brunson,J. Brunson,25,36,4,Made,1,67,61,128,v,Brunson 4' Running Layup (13 PTS) (Hart 5 AST),Made Shot,Running Layup Shot,1,2,339
0042500401,463,PT04M57.00S,3,0,,1610612759,,,0,0,0,,0,,,0,h,SPURS Timeout: Regular (Full 4 Short 0),Timeout,Regular,0,0,340
0042500401,467,PT04M57.00S,3,1610612759,SAS,1628436,Kornet,L. Kornet,0,0,0,,0,,,0,h,SUB: Wembanyama FOR Kornet,Substitution,,0,0,341
0042500401,468,PT04M57.00S,3,1610612759,SAS,1630170,Vassell,D. Vassell,0,0,0,,0,,,0,h,SUB: Johnson FOR Vassell,Substitution,,0,0,342
0042500401,471,PT04M35.00S,3,1610612759,SAS,1642844,Harper,D. Harper,16,3,2,Made,1,69,61,130,h,Harper 2' Driving Reverse Layup (16 PTS) (Champagnie 1 AST),Made Shot,Driving Reverse Layup Shot,1,2,343
0042500401,473,PT04M22.00S,3,1610612752,NYK,1628973,Brunson,J. Brunson,-168,204,26,Missed,1,,,0,v,MISS Brunson 26' 3PT Pullup Jump Shot,Missed Shot,Pullup Jump shot,1,3,344
0042500401,474,PT04M20.00S,3,1610612759,SAS,1641705,Wembanyama,V. Wembanyama,0,0,0,,0,,,0,h,Wembanyama REBOUND (Off:0 Def:5),Rebound,Unknown,1,0,345
0042500401,475,PT04M13.00S,3,1610612759,SAS,1628368,Fox,D. Fox,0,0,0,,0,,,0,h,Fox Bad Pass Turnover (P1.T7),Turnover,Bad Pass,1,0,346
0042500401,475,PT04M13.00S,3,1610612752,NYK,1628404,Hart,J. Hart,0,0,0,,0,,,0,v,Hart STEAL (1 STL),,,1,0,347
0042500401,477,PT04M08.00S,3,1610612752,NYK,1629013,Shamet,L. Shamet,-243,31,24,Made,1,69,64,133,v,Shamet 24' 3PT Running Jump Shot (11 PTS) (McBride 2 AST),Made Shot,Running Jump Shot,1,3,348
0042500401,479,PT03M50.00S,3,1610612759,SAS,1642844,Harper,D. Harper,229,1,0,Missed,1,,,0,h,MISS Harper 3PT Jump Shot,Missed Shot,Jump Shot,1,3,349
0042500401,480,PT03M48.00S,3,1610612752,NYK,1628404,Hart,J. Hart,0,0,0,,0,,,0,v,Hart REBOUND (Off:1 Def:7),Rebound,Unknown,1,0,350
0042500401,481,PT03M40.00S,3,1610612752,NYK,1630540,McBride,M. McBride,-181,180,26,Missed,1,,,0,v,MISS McBride 26' 3PT Jump Shot,Missed Shot,Jump Shot,1,3,351
0042500401,482,PT03M38.00S,3,1610612752,NYK,1626157,Towns,K. Towns,0,0,0,,0,,,0,v,Towns REBOUND (Off:3 Def:6),Rebound,Unknown,1,0,352
0042500401,483,PT03M36.00S,3,1610612752,NYK,1626157,Towns,K. Towns,0,0,0,Made,1,69,66,135,v,Towns Putback Layup (15 PTS),Made Shot,Putback Layup Shot,1,2,353
0042500401,484,PT03M19.00S,3,1610612759,SAS,1628368,Fox,D. Fox,-11,82,8,Made,1,71,66,137,h,Fox 8' Pullup Jump Shot (6 PTS),Made Shot,Pullup Jump shot,1,2,354
0042500401,485,PT02M56.00S,3,1610612752,NYK,1628404,Hart,J. Hart,7,259,26,Missed,1,,,0,v,MISS Hart 26' 3PT Jump Shot,Missed Shot,Jump Shot,1,3,355
0042500401,486,PT02M53.00S,3,1610612752,NYK,1626157,Towns,K. Towns,0,0,0,,0,,,0,v,Towns REBOUND (Off:4 Def:6),Rebound,Unknown,1,0,356
0042500401,487,PT02M52.00S,3,1610612752,NYK,1626157,Towns,K. Towns,0,0,0,Made,1,71,68,139,v,Towns Putback Layup (17 PTS),Made Shot,Putback Layup Shot,1,2,357
0042500401,488,PT02M52.00S,3,1610612759,SAS,1629640,Johnson,K. Johnson,0,0,0,,0,,,0,h,Johnson S.FOUL (P3.PN) (S.Wright),Foul,Shooting,1,0,358
0042500401,490,PT02M52.00S,3,1610612752,NYK,1626157,Towns,K. Towns,0,0,0,,0,71,69,140,v,Towns Free Throw 1 of 1 (18 PTS),Free Throw,Free Throw 1 of 1,1,0,359
0042500401,491,PT02M41.00S,3,1610612759,SAS,1628368,Fox,D. Fox,-23,5,2,Missed,1,,,0,h,MISS Fox 2' Driving Finger Roll Layup,Missed Shot,Driving Finger Roll Layup Shot,1,2,360
0042500401,492,PT02M39.00S,3,1610612752,NYK,1629013,Shamet,L. Shamet,0,0,0,,0,,,0,v,Shamet REBOUND (Off:0 Def:1),Rebound,Unknown,1,0,361
0042500401,493,PT02M31.00S,3,1610612752,NYK,1626157,Towns,K. Towns,-7,296,30,Missed,1,,,0,v,MISS Towns 30' 3PT Jump Shot,Missed Shot,Jump Shot,1,3,362
0042500401,494,PT02M29.00S,3,1610612759,SAS,1642844,Harper,D. Harper,0,0,0,,0,,,0,h,Harper REBOUND (Off:0 Def:7),Rebound,Unknown,1,0,363
0042500401,495,PT02M17.00S,3,1610612759,SAS,1641705,Wembanyama,V. Wembanyama,0,0,0,,0,,,0,h,Wembanyama OFF.Foul (P2) (S.Foster),Foul,Offensive,1,0,364
0042500401,497,PT02M17.00S,3,1610612759,SAS,1641705,Wembanyama,V. Wembanyama,0,0,0,,0,,,0,h,Wembanyama Offensive Foul Turnover (P4.T8),Turnover,Offensive Foul Turnover,1,0,365
0042500401,498,PT02M01.00S,3,1610612752,NYK,1628973,Brunson,J. Brunson,96,107,14,Made,1,71,71,142,v,Brunson 14' Pullup Jump Shot (15 PTS),Made Shot,Pullup Jump shot,1,2,366
0042500401,499,PT01M56.00S,3,1610612759,SAS,1629640,Johnson,K. Johnson,-31,3,3,Missed,1,,,0,h,MISS Johnson 3' Driving Floating Jump Shot,Missed Shot,Driving Floating Jump Shot,1,2,367
0042500401,499,PT01M56.00S,3,1610612752,NYK,1630540,McBride,M. McBride,0,0,0,,0,,,0,v,McBride BLOCK (1 BLK),,,1,2,368
0042500401,501,PT01M55.00S,3,0,,1610612759,,,0,0,0,,0,,,0,h,SPURS Rebound,Rebound,Unknown,0,0,369
0042500401,503,PT01M55.00S,3,1610612759,SAS,1630577,Champagnie,J. Champagnie,0,0,0,,0,,,0,h,SUB: Vassell FOR Champagnie,Substitution,,0,0,370
0042500401,504,PT01M55.00S,3,1610612759,SAS,1629640,Johnson,K. Johnson,0,0,0,,0,,,0,h,SUB: Barnes FOR Johnson,Substitution,,0,0,371
0042500401,505,PT01M55.00S,3,1610612752,NYK,1626157,Towns,K. Towns,0,0,0,,0,,,0,v,SUB: Robinson FOR Towns,Substitution,,0,0,372
0042500401,509,PT01M52.00S,3,1610612759,SAS,1630170,Vassell,D. Vassell,-4,11,1,Made,1,73,71,144,h,Vassell 1' Cutting Dunk Shot (7 PTS) (Fox 5 AST),Made Shot,Cutting Dunk Shot,1,2,373
0042500401,511,PT01M37.00S,3,1610612759,SAS,203084,Barnes,H. Barnes,0,0,0,,0,,,0,h,Barnes S.FOUL (P1.PN) (S.Wright),Foul,Shooting,1,0,374
0042500401,513,PT01M37.00S,3,1610612752,NYK,1628973,Brunson,J. Brunson,0,0,0,,0,73,72,145,v,Brunson Free Throw 1 of 2 (16 PTS),Free Throw,Free Throw 1 of 2,1,0,375
0042500401,514,PT01M37.00S,3,1610612752,NYK,1628973,Brunson,J. Brunson,0,0,0,,0,73,73,146,v,Brunson Free Throw 2 of 2 (17 PTS),Free Throw,Free Throw 2 of 2,1,0,376
0042500401,515,PT01M24.00S,3,1610612759,SAS,1641705,Wembanyama,V. Wembanyama,235,51,24,Missed,1,,,0,h,MISS Wembanyama 24' 3PT Jump Shot,Missed Shot,Jump Shot,1,3,377
0042500401,516,PT01M19.00S,3,1610612752,NYK,1628404,Hart,J. Hart,0,0,0,,0,,,0,v,Hart REBOUND (Off:1 Def:8),Rebound,Unknown,1,0,378
0042500401,517,PT01M15.00S,3,1610612752,NYK,1628973,Brunson,J. Brunson,26,144,15,Missed,1,,,0,v,MISS Brunson 15' Turnaround Fadeaway Shot,Missed Shot,Turnaround Fadeaway shot,1,2,379
0042500401,518,PT01M13.00S,3,1610612759,SAS,203084,Barnes,H. Barnes,0,0,0,,0,,,0,h,Barnes REBOUND (Off:0 Def:1),Rebound,Unknown,1,0,380
0042500401,519,PT01M07.00S,3,1610612752,NYK,1629013,Shamet,L. Shamet,0,0,0,,0,,,0,v,Shamet S.FOUL (P3.PN) (S.Foster),Foul,Shooting,1,0,381
0042500401,521,PT01M07.00S,3,1610612759,SAS,1628368,Fox,D. Fox,0,0,0,,0,74,73,147,h,Fox Free Throw 1 of 2 (7 PTS),Free Throw,Free Throw 1 of 2,1,0,382
0042500401,522,PT01M07.00S,3,1610612759,SAS,1628368,Fox,D. Fox,0,0,0,,0,,,0,h,MISS Fox Free Throw 2 of 2,Free Throw,Free Throw 2 of 2,1,0,383
0042500401,523,PT01M05.00S,3,1610612752,NYK,1629011,Robinson,M. Robinson,0,0,0,,0,,,0,v,Robinson REBOUND (Off:1 Def:5),Rebound,Unknown,1,0,384
0042500401,524,PT00M43.20S,3,1610612752,NYK,1628973,Brunson,J. Brunson,0,0,0,,0,,,0,v,Brunson Out of Bounds - Bad Pass Turnover Turnover (P4.T9),Turnover,Out of Bounds - Bad Pass Turnover,1,0,385
0042500401,525,PT00M28.30S,3,1610612759,SAS,1641705,Wembanyama,V. Wembanyama,0,14,1,Made,1,76,73,149,h,Wembanyama 1' Driving Dunk (15 PTS) (Vassell 2 AST),Made Shot,Driving Dunk Shot,1,2,386
0042500401,527,PT00M09.60S,3,1610612752,NYK,1630540,McBride,M. McBride,-240,26,24,Made,1,76,76,152,v,McBride 24' 3PT Jump Bank Shot (6 PTS) (Hart 6 AST),Made Shot,Jump Bank Shot,1,3,387
0042500401,529,PT00M00.30S,3,1610612759,SAS,1641705,Wembanyama,V. Wembanyama,18,262,26,Missed,1,,,0,h,MISS Wembanyama 26' 3PT Pullup Jump Shot,Missed Shot,Pullup Jump shot,1,3,388
0042500401,530,PT00M00.30S,3,0,,1610612759,,,0,0,0,,0,,,0,h,SPURS Rebound,Rebound,Unknown,1,0,389
0042500401,531,PT00M00.00S,3,0,,0,,,0,0,0,,0,76,76,152,,End of 3rd Period (10:33 PM EST),period,end,1,0,390
0042500401,540,PT12M00.00S,4,0,,0,,,0,0,0,,0,76,76,152,,Start of 4th Period (10:36 PM EST),period,start,0,0,391
0042500401,541,PT11M38.00S,4,1610612752,NYK,1626157,Towns,K. Towns,4,54,5,Missed,1,,,0,v,MISS Towns 5' Driving Floating Jump Shot,Missed Shot,Driving Floating Jump Shot,1,2,392
0042500401,542,PT11M33.00S,4,0,,1610612752,,,0,0,0,,0,,,0,v,Knicks Rebound,Rebound,Unknown,0,0,393
0042500401,544,PT11M32.00S,4,1610612752,NYK,1629013,Shamet,L. Shamet,-12,6,1,Made,1,76,78,154,v,Shamet 1' Reverse Layup (13 PTS) (McBride 3 AST),Made Shot,Reverse Layup Shot,1,2,394
0042500401,546,PT11M11.00S,4,1610612759,SAS,1628368,Fox,D. Fox,-2,87,9,Missed,1,,,0,h,MISS Fox 9' Driving Floating Jump Shot,Missed Shot,Driving Floating Jump Shot,1,2,395
0042500401,547,PT11M09.00S,4,1610612759,SAS,1641705,Wembanyama,V. Wembanyama,0,0,0,,0,,,0,h,Wembanyama REBOUND (Off:1 Def:5),Rebound,Unknown,1,0,396
0042500401,548,PT11M09.00S,4,1610612752,NYK,1630631,Alvarado,J. Alvarado,0,0,0,,0,,,0,v,Alvarado S.FOUL (P3.T1) (J.Capers),Foul,Shooting,1,0,397
0042500401,550,PT11M09.00S,4,1610612759,SAS,1641705,Wembanyama,V. Wembanyama,0,0,0,,0,,,0,h,MISS Wembanyama Free Throw 1 of 2,Free Throw,Free Throw 1 of 2,1,0,398
0042500401,551,PT11M09.00S,4,0,,1610612759,,,0,0,0,,0,,,0,h,SPURS Rebound,Rebound,Normal Rebound,0,0,399
0042500401,552,PT11M09.00S,4,1610612759,SAS,1641705,Wembanyama,V. Wembanyama,0,0,0,,0,77,78,155,h,Wembanyama Free Throw 2 of 2 (16 PTS),Free Throw,Free Throw 2 of 2,1,0,400
0042500401,553,PT10M45.00S,4,1610612752,NYK,1630631,Alvarado,J. Alvarado,61,253,26,Missed,1,,,0,v,MISS Alvarado 26' 3PT Jump Shot,Missed Shot,Jump Shot,1,3,401
0042500401,554,PT10M44.00S,4,0,,1610612752,,,0,0,0,,0,,,0,v,Knicks Rebound,Rebound,Unknown,1,0,402
0042500401,555,PT10M44.00S,4,1610612759,SAS,1628368,Fox,D. Fox,0,0,0,,0,,,0,h,Fox L.B.FOUL (P3.T1) (J.Capers),Foul,Loose Ball,1,0,403
0042500401,557,PT10M32.00S,4,1610612752,NYK,1628384,Anunoby,O. Anunoby,21,0,2,Made,1,77,80,157,v,Anunoby 2' Driving Finger Roll Layup (7 PTS),Made Shot,Driving Finger Roll Layup Shot,1,2,404
0042500401,558,PT10M16.00S,4,1610612759,SAS,1641705,Wembanyama,V. Wembanyama,-91,29,10,Missed,1,,,0,h,MISS Wembanyama 10' Turnaround Fadeaway Shot,Missed Shot,Turnaround Fadeaway shot,1,2,405
0042500401,559,PT10M13.00S,4,1610612752,NYK,1626157,Towns,K. Towns,0,0,0,,0,,,0,v,Towns REBOUND (Off:4 Def:7),Rebound,Unknown,1,0,406
0042500401,560,PT09M56.00S,4,1610612752,NYK,1628384,Anunoby,O. Anunoby,-75,46,9,Missed,1,,,0,v,MISS Anunoby 9' Driving Floating Bank Jump Shot,Missed Shot,Driving Floating Bank Jump Shot,1,2,407
0042500401,561,PT09M53.00S,4,1610612759,SAS,1641705,Wembanyama,V. Wembanyama,0,0,0,,0,,,0,h,Wembanyama REBOUND (Off:1 Def:6),Rebound,Unknown,1,0,408
0042500401,562,PT09M45.00S,4,1610612759,SAS,1630170,Vassell,D. Vassell,27,9,3,Missed,1,,,0,h,MISS Vassell 3' Driving Layup,Missed Shot,Driving Layup Shot,1,2,409
0042500401,563,PT09M44.00S,4,1610612759,SAS,1641705,Wembanyama,V. Wembanyama,0,0,0,,0,,,0,h,Wembanyama REBOUND (Off:2 Def:6),Rebound,Unknown,1,0,410
0042500401,564,PT09M44.00S,4,1610612759,SAS,1641705,Wembanyama,V. Wembanyama,-5,16,2,Made,1,79,80,159,h,Wembanyama 2' Putback Layup (18 PTS),Made Shot,Putback Layup Shot,1,2,411
0042500401,565,PT09M23.00S,4,1610612752,NYK,1628384,Anunoby,O. Anunoby,-237,15,24,Made,1,79,83,162,v,Anunoby 24' 3PT Jump Shot (10 PTS) (McBride 4 AST),Made Shot,Jump Shot,1,3,412
0042500401,567,PT09M07.00S,4,1610612759,SAS,1642264,Castle,S. Castle,-36,43,6,Made,1,81,83,164,h,Castle 6' Turnaround Jump Shot (14 PTS) (Wembanyama 2 AST),Made Shot,Turnaround Jump Shot,1,2,413
0042500401,569,PT08M50.00S,4,1610612752,NYK,1628384,Anunoby,O. Anunoby,232,42,24,Made,1,81,86,167,v,Anunoby 24' 3PT Jump Shot (13 PTS),Made Shot,Jump Shot,1,3,414
0042500401,570,PT08M32.00S,4,1610612759,SAS,1642264,Castle,S. Castle,-87,241,26,Made,1,84,86,170,h,Castle 26' 3PT Jump Shot (17 PTS) (Vassell 3 AST),Made Shot,Jump Shot,1,3,415
0042500401,573,PT08M07.00S,4,1610612752,NYK,1630631,Alvarado,J. Alvarado,50,53,7,Missed,1,,,0,v,MISS Alvarado 7' Driving Floating Jump Shot,Missed Shot,Driving Floating Jump Shot,1,2,416
0042500401,574,PT08M04.00S,4,1610612759,SAS,1628368,Fox,D. Fox,0,0,0,,0,,,0,h,Fox REBOUND (Off:0 Def:3),Rebound,Unknown,1,0,417
0042500401,575,PT08M00.00S,4,1610612759,SAS,1630170,Vassell,D. Vassell,234,13,0,Missed,1,,,0,h,MISS Vassell 3PT Running Jump Shot,Missed Shot,Running Jump Shot,1,3,418
0042500401,576,PT07M58.00S,4,1610612759,SAS,203084,Barnes,H. Barnes,0,0,0,,0,,,0,h,Barnes REBOUND (Off:1 Def:1),Rebound,Unknown,1,0,419
0042500401,577,PT07M56.00S,4,1610612759,SAS,1642264,Castle,S. Castle,-7,258,26,Missed,1,,,0,h,MISS Castle 26' 3PT Jump Shot,Missed Shot,Jump Shot,1,3,420
0042500401,578,PT07M54.00S,4,1610612752,NYK,1626157,Towns,K. Towns,0,0,0,,0,,,0,v,Towns REBOUND (Off:4 Def:8),Rebound,Unknown,1,0,421
0042500401,579,PT07M46.00S,4,1610612752,NYK,1630540,McBride,M. McBride,-28,10,3,Missed,1,,,0,v,MISS McBride 3' Running Layup,Missed Shot,Running Layup Shot,1,2,422
0042500401,580,PT07M44.00S,4,1610612759,SAS,1642264,Castle,S. Castle,0,0,0,,0,,,0,h,Castle REBOUND (Off:3 Def:5),Rebound,Unknown,1,0,423
0042500401,581,PT07M41.00S,4,1610612759,SAS,203084,Barnes,H. Barnes,-213,157,26,Missed,1,,,0,h,MISS Barnes 26' 3PT Running Jump Shot,Missed Shot,Running Jump Shot,1,3,424
0042500401,582,PT07M39.00S,4,1610612759,SAS,1630170,Vassell,D. Vassell,0,0,0,,0,,,0,h,Vassell REBOUND (Off:3 Def:5),Rebound,Unknown,1,0,425
0042500401,583,PT07M38.00S,4,1610612759,SAS,1630170,Vassell,D. Vassell,0,0,0,Made,1,86,86,172,h,Vassell Tip Layup Shot (9 PTS),Made Shot,Tip Layup Shot,1,2,426
0042500401,584,PT07M37.00S,4,0,,1610612752,,,0,0,0,,0,,,0,v,Knicks Timeout: Regular (Reg.4 Short 0),Timeout,Regular,0,0,427
0042500401,585,PT07M37.00S,4,1610612759,SAS,1641705,Wembanyama,V. Wembanyama,0,0,0,,0,,,0,h,SUB: Harper FOR Wembanyama,Substitution,,0,0,428
0042500401,586,PT07M37.00S,4,1610612759,SAS,1628368,Fox,D. Fox,0,0,0,,0,,,0,h,SUB: Champagnie FOR Fox,Substitution,,0,0,429
0042500401,587,PT07M37.00S,4,1610612759,SAS,203084,Barnes,H. Barnes,0,0,0,,0,,,0,h,SUB: Kornet FOR Barnes,Substitution,,0,0,430
0042500401,588,PT07M37.00S,4,1610612752,NYK,1629013,Shamet,L. Shamet,0,0,0,,0,,,0,v,SUB: Hart FOR Shamet,Substitution,,0,0,431
0042500401,589,PT07M37.00S,4,1610612752,NYK,1630631,Alvarado,J. Alvarado,0,0,0,,0,,,0,v,SUB: Brunson FOR Alvarado,Substitution,,0,0,432
0042500401,590,PT07M37.00S,4,1610612752,NYK,1628384,Anunoby,O. Anunoby,0,0,0,,0,,,0,v,SUB: Bridges FOR Anunoby,Substitution,,0,0,433
0042500401,591,PT07M37.00S,4,1610612752,NYK,1626157,Towns,K. Towns,0,0,0,,0,,,0,v,SUB: Robinson FOR Towns,Substitution,,0,0,434
0042500401,599,PT07M22.00S,4,1610612752,NYK,1628973,Brunson,J. Brunson,-29,13,3,Made,1,86,88,174,v,Brunson 3' Driving Finger Roll Layup (19 PTS),Made Shot,Driving Finger Roll Layup Shot,1,2,435
0042500401,600,PT07M05.00S,4,1610612752,NYK,1628969,Bridges,M. Bridges,0,0,0,,0,,,0,v,Bridges P.FOUL (P3.T2) (S.Foster),Foul,Personal,1,0,436
0042500401,602,PT06M58.00S,4,1610612759,SAS,1642264,Castle,S. Castle,-28,17,3,Missed,1,,,0,h,MISS Castle 3' Pullup Jump Shot,Missed Shot,Pullup Jump shot,1,2,437
0042500401,603,PT06M56.00S,4,1610612752,NYK,1628404,Hart,J. Hart,0,0,0,,0,,,0,v,Hart REBOUND (Off:1 Def:9),Rebound,Unknown,1,0,438
0042500401,604,PT06M52.00S,4,1610612759,SAS,1630577,Champagnie,J. Champagnie,0,0,0,,0,,,0,h,Champagnie S.FOUL (P2.T2) (S.Foster),Foul,Shooting,1,0,439
0042500401,606,PT06M52.00S,4,1610612752,NYK,1628973,Brunson,J. Brunson,0,0,0,,0,86,89,175,v,Brunson Free Throw 1 of 2 (20 PTS),Free Throw,Free Throw 1 of 2,1,0,440
0042500401,607,PT06M52.00S,4,1610612759,SAS,1628436,Kornet,L. Kornet,0,0,0,,0,,,0,h,SUB: Wembanyama FOR Kornet,Substitution,,0,0,441
0042500401,608,PT06M52.00S,4,1610612752,NYK,1630540,McBride,M. McBride,0,0,0,,0,,,0,v,SUB: Shamet FOR McBride,Substitution,,0,0,442
0042500401,611,PT06M52.00S,4,1610612752,NYK,1628973,Brunson,J. Brunson,0,0,0,,0,86,90,176,v,Brunson Free Throw 2 of 2 (21 PTS),Free Throw,Free Throw 2 of 2,1,0,443
0042500401,612,PT06M39.00S,4,1610612759,SAS,1642844,Harper,D. Harper,0,0,0,,0,,,0,h,Harper Bad Pass Turnover (P1.T9),Turnover,Bad Pass,1,0,444
0042500401,612,PT06M39.00S,4,1610612752,NYK,1628404,Hart,J. Hart,0,0,0,,0,,,0,v,Hart STEAL (2 STL),,,1,0,445
0042500401,614,PT06M34.00S,4,1610612752,NYK,1628973,Brunson,J. Brunson,-37,7,4,Made,1,86,92,178,v,Brunson 4' Running Layup (23 PTS),Made Shot,Running Layup Shot,1,2,446
0042500401,615,PT06M34.00S,4,0,,1610612759,,,0,0,0,,0,,,0,h,SPURS Timeout: Regular (Full 5 Short 0),Timeout,Regular,0,0,447
0042500401,616,PT06M34.00S,4,1610612759,SAS,1642264,Castle,S. Castle,0,0,0,,0,,,0,h,SUB: Fox FOR Castle,Substitution,,0,0,448
0042500401,619,PT06M28.00S,4,1610612759,SAS,1641705,Wembanyama,V. Wembanyama,0,0,0,,0,,,0,h,Jump Ball Wembanyama vs. Robinson: Tip to Fox,Jump Ball,,1,0,449
0042500401,622,PT06M19.00S,4,1610612759,SAS,1630577,Champagnie,J. Champagnie,-146,215,26,Missed,1,,,0,h,MISS Champagnie 26' 3PT Jump Shot,Missed Shot,Jump Shot,1,3,450
0042500401,623,PT06M15.00S,4,1610612752,NYK,1628404,Hart,J. Hart,0,0,0,,0,,,0,v,Hart REBOUND (Off:1 Def:10),Rebound,Unknown,1,0,451
0042500401,624,PT06M07.00S,4,1610612752,NYK,1628973,Brunson,J. Brunson,-39,23,5,Made,1,86,94,180,v,Brunson 5' Driving Finger Roll Layup (25 PTS),Made Shot,Driving Finger Roll Layup Shot,1,2,452
0042500401,625,PT06M03.00S,4,1610612752,NYK,1628404,Hart,J. Hart,0,0,0,,0,,,0,v,Hart P.FOUL (P4.T3) (J.Capers),Foul,Personal,1,0,453
0042500401,627,PT06M03.00S,4,1610612759,SAS,1630170,Vassell,D. Vassell,0,0,0,,0,,,0,h,SUB: Castle FOR Vassell,Substitution,,0,0,454
0042500401,629,PT05M46.00S,4,1610612759,SAS,1641705,Wembanyama,V. Wembanyama,0,0,0,,0,,,0,h,Wembanyama Traveling Turnover (P5.T10),Turnover,Traveling,1,0,455
0042500401,631,PT05M27.00S,4,1610612752,NYK,1628973,Brunson,J. Brunson,-83,97,13,Missed,1,,,0,v,MISS Brunson 13' Pullup Jump Shot,Missed Shot,Pullup Jump shot,1,2,456
0042500401,632,PT05M25.00S,4,1610612759,SAS,1628368,Fox,D. Fox,0,0,0,,0,,,0,h,Fox REBOUND (Off:0 Def:4),Rebound,Unknown,1,0,457
0042500401,633,PT05M19.00S,4,1610612759,SAS,1628368,Fox,D. Fox,0,0,0,,0,,,0,h,Fox Lost Ball Turnover (P2.T11),Turnover,Lost Ball,1,0,458
0042500401,633,PT05M19.00S,4,1610612752,NYK,1628404,Hart,J. Hart,0,0,0,,0,,,0,v,Hart STEAL (3 STL),,,1,0,459
0042500401,635,PT04M58.00S,4,1610612752,NYK,1628969,Bridges,M. Bridges,-121,27,12,Missed,1,,,0,v,MISS Bridges 12' Fadeaway Jumper,Missed Shot,Fadeaway Jump Shot,1,2,460
0042500401,636,PT04M56.00S,4,1610612759,SAS,1641705,Wembanyama,V. Wembanyama,0,0,0,,0,,,0,h,Wembanyama REBOUND (Off:2 Def:7),Rebound,Unknown,1,0,461
0042500401,637,PT04M50.00S,4,1610612759,SAS,1641705,Wembanyama,V. Wembanyama,-116,232,26,Made,1,89,94,183,h,Wembanyama 26' 3PT Pullup Jump Shot (21 PTS),Made Shot,Pullup Jump shot,1,3,462
0042500401,638,PT04M48.00S,4,0,,1610612752,,,0,0,0,,0,,,0,v,Knicks Timeout: Regular (Reg.5 Short 0),Timeout,Regular,0,0,463
0042500401,639,PT04M48.00S,4,1610612752,NYK,1629011,Robinson,M. Robinson,0,0,0,,0,,,0,v,SUB: Anunoby FOR Robinson,Substitution,,0,0,464
0042500401,640,PT04M48.00S,4,1610612752,NYK,1628969,Bridges,M. Bridges,0,0,0,,0,,,0,v,SUB: Towns FOR Bridges,Substitution,,0,0,465
0042500401,643,PT04M27.00S,4,1610612752,NYK,1628973,Brunson,J. Brunson,92,154,18,Missed,1,,,0,v,MISS Brunson 18' Pullup Jump Shot,Missed Shot,Pullup Jump shot,1,2,466
0042500401,644,PT04M25.00S,4,1610612759,SAS,1642844,Harper,D. Harper,0,0,0,,0,,,0,h,Harper REBOUND (Off:0 Def:8),Rebound,Unknown,1,0,467
0042500401,645,PT04M16.00S,4,1610612759,SAS,1641705,Wembanyama,V. Wembanyama,-31,13,3,Missed,1,,,0,h,MISS Wembanyama 3' Driving Floating Bank Jump Shot,Missed Shot,Driving Floating Bank Jump Shot,1,2,468
0042500401,646,PT04M15.00S,4,1610612759,SAS,1641705,Wembanyama,V. Wembanyama,0,0,0,,0,,,0,h,Wembanyama REBOUND (Off:3 Def:7),Rebound,Unknown,1,0,469
0042500401,647,PT04M07.00S,4,1610612759,SAS,1641705,Wembanyama,V. Wembanyama,233,-11,0,Missed,1,,,0,h,MISS Wembanyama 3PT Jump Shot,Missed Shot,Jump Shot,1,3,470
0042500401,648,PT04M05.00S,4,1610612759,SAS,1630577,Champagnie,J. Champagnie,0,0,0,,0,,,0,h,Champagnie REBOUND (Off:3 Def:6),Rebound,Unknown,1,0,471
0042500401,649,PT04M04.00S,4,1610612752,NYK,1628973,Brunson,J. Brunson,0,0,0,,0,,,0,v,Brunson S.FOUL (P2.T4) (J.Capers),Foul,Shooting,1,0,472
0042500401,651,PT04M04.00S,4,1610612759,SAS,1630577,Champagnie,J. Champagnie,0,0,0,,0,90,94,184,h,Champagnie Free Throw 1 of 2 (16 PTS),Free Throw,Free Throw 1 of 2,1,0,473
0042500401,652,PT04M04.00S,4,1610612759,SAS,1642844,Harper,D. Harper,0,0,0,,0,,,0,h,SUB: Vassell FOR Harper,Substitution,,0,0,474
0042500401,654,PT04M04.00S,4,1610612759,SAS,1630577,Champagnie,J. Champagnie,0,0,0,,0,,,0,h,MISS Champagnie Free Throw 2 of 2,Free Throw,Free Throw 2 of 2,1,0,475
0042500401,655,PT04M01.00S,4,1610612752,NYK,1628384,Anunoby,O. Anunoby,0,0,0,,0,,,0,v,Anunoby REBOUND (Off:0 Def:3),Rebound,Unknown,1,0,476
0042500401,656,PT03M39.00S,4,1610612752,NYK,1628384,Anunoby,O. Anunoby,-83,121,15,Missed,1,,,0,v,MISS Anunoby 15' Pullup Jump Shot,Missed Shot,Pullup Jump shot,1,2,477
0042500401,657,PT03M38.00S,4,1610612759,SAS,1630577,Champagnie,J. Champagnie,0,0,0,,0,,,0,h,Champagnie REBOUND (Off:3 Def:7),Rebound,Unknown,1,0,478
0042500401,658,PT03M24.00S,4,1610612759,SAS,1641705,Wembanyama,V. Wembanyama,-16,11,2,Made,1,92,94,186,h,Wembanyama 2' Driving Layup (23 PTS),Made Shot,Driving Layup Shot,1,2,479
0042500401,659,PT03M24.00S,4,1610612752,NYK,1626157,Towns,K. Towns,0,0,0,,0,,,0,v,Towns S.FOUL (P4.PN) (S.Wright),Foul,Shooting,1,0,480
0042500401,661,PT03M24.00S,4,1610612759,SAS,1641705,Wembanyama,V. Wembanyama,0,0,0,,0,93,94,187,h,Wembanyama Free Throw 1 of 1 (24 PTS),Free Throw,Free Throw 1 of 1,1,0,481
0042500401,662,PT03M03.00S,4,1610612752,NYK,1628973,Brunson,J. Brunson,-2,146,15,Missed,1,,,0,v,MISS Brunson 15' Step Back Jump Shot,Missed Shot,Step Back Jump shot,1,2,482
0042500401,663,PT03M00.00S,4,1610612759,SAS,1641705,Wembanyama,V. Wembanyama,0,0,0,,0,,,0,h,Wembanyama REBOUND (Off:3 Def:8),Rebound,Unknown,1,0,483
0042500401,664,PT02M51.00S,4,1610612759,SAS,1641705,Wembanyama,V. Wembanyama,1,66,7,Missed,1,,,0,h,MISS Wembanyama 7' Driving Floating Jump Shot,Missed Shot,Driving Floating Jump Shot,1,2,484
0042500401,665,PT02M49.00S,4,1610612752,NYK,1628404,Hart,J. Hart,0,0,0,,0,,,0,v,Hart REBOUND (Off:1 Def:11),Rebound,Unknown,1,0,485
0042500401,666,PT02M46.00S,4,1610612752,NYK,1629013,Shamet,L. Shamet,145,214,26,Missed,1,,,0,v,MISS Shamet 26' 3PT Running Jump Shot,Missed Shot,Running Jump Shot,1,3,486
0042500401,667,PT02M41.00S,4,1610612752,NYK,1628404,Hart,J. Hart,0,0,0,,0,,,0,v,Hart REBOUND (Off:2 Def:11),Rebound,Unknown,1,0,487
0042500401,668,PT02M35.00S,4,1610612752,NYK,1628973,Brunson,J. Brunson,27,11,3,Missed,1,,,0,v,MISS Brunson 3' Driving Floating Bank Jump Shot,Missed Shot,Driving Floating Bank Jump Shot,1,2,488
0042500401,669,PT02M32.00S,4,1610612759,SAS,1641705,Wembanyama,V. Wembanyama,0,0,0,,0,,,0,h,Wembanyama REBOUND (Off:3 Def:9),Rebound,Unknown,1,0,489
0042500401,670,PT02M18.00S,4,1610612759,SAS,1630170,Vassell,D. Vassell,222,131,26,Missed,1,,,0,h,MISS Vassell 26' 3PT Jump Shot,Missed Shot,Jump Shot,1,3,490
0042500401,671,PT02M16.00S,4,1610612759,SAS,1630170,Vassell,D. Vassell,0,0,0,,0,,,0,h,Vassell REBOUND (Off:4 Def:5),Rebound,Unknown,1,0,491
0042500401,672,PT02M16.00S,4,1610612752,NYK,1629013,Shamet,L. Shamet,0,0,0,,0,,,0,v,Shamet P.FOUL (P4.PN) (S.Foster),Foul,Personal,1,0,492
0042500401,674,PT02M16.00S,4,1610612759,SAS,1641705,Wembanyama,V. Wembanyama,0,0,0,,0,94,94,188,h,Wembanyama Free Throw 1 of 2 (25 PTS),Free Throw,Free Throw 1 of 2,1,0,493
0042500401,675,PT02M16.00S,4,1610612752,NYK,1629013,Shamet,L. Shamet,0,0,0,,0,,,0,v,SUB: Bridges FOR Shamet,Substitution,,0,0,494
0042500401,677,PT02M16.00S,4,1610612759,SAS,1641705,Wembanyama,V. Wembanyama,0,0,0,,0,95,94,189,h,Wembanyama Free Throw 2 of 2 (26 PTS),Free Throw,Free Throw 2 of 2,1,0,495
0042500401,678,PT01M57.00S,4,1610612752,NYK,1628384,Anunoby,O. Anunoby,-99,242,26,Missed,1,,,0,v,MISS Anunoby 26' 3PT Jump Shot,Missed Shot,Jump Shot,1,3,496
0042500401,679,PT01M52.00S,4,1610612752,NYK,1628969,Bridges,M. Bridges,0,0,0,,0,,,0,v,Bridges REBOUND (Off:2 Def:1),Rebound,Unknown,1,0,497
0042500401,680,PT01M50.00S,4,1610612752,NYK,1628973,Brunson,J. Brunson,233,0,0,Made,1,95,97,192,v,Brunson 3PT Jump Shot (28 PTS) (Bridges 3 AST),Made Shot,Jump Shot,1,3,498
0042500401,682,PT01M31.00S,4,1610612759,SAS,1628368,Fox,D. Fox,18,92,9,Missed,1,,,0,h,MISS Fox 9' Pullup Jump Shot,Missed Shot,Pullup Jump shot,1,2,499
0042500401,683,PT01M28.00S,4,1610612752,NYK,1628404,Hart,J. Hart,0,0,0,,0,,,0,v,Hart REBOUND (Off:2 Def:12),Rebound,Unknown,1,0,500
0042500401,684,PT01M11.00S,4,1610612759,SAS,1628368,Fox,D. Fox,0,0,0,,0,,,0,h,Fox S.FOUL (P4.T3) (S.Foster),Foul,Shooting,1,0,501
0042500401,686,PT01M11.00S,4,1610612752,NYK,1628969,Bridges,M. Bridges,0,0,0,,0,95,98,193,v,Bridges Free Throw 1 of 2 (8 PTS),Free Throw,Free Throw 1 of 2,1,0,502
0042500401,687,PT01M11.00S,4,1610612752,NYK,1628969,Bridges,M. Bridges,0,0,0,,0,95,99,194,v,Bridges Free Throw 2 of 2 (9 PTS),Free Throw,Free Throw 2 of 2,1,0,503
0042500401,688,PT00M57.30S,4,1610612759,SAS,1641705,Wembanyama,V. Wembanyama,0,0,0,,0,,,0,h,Wembanyama Lost Ball Turnover (P6.T12),Turnover,Lost Ball,1,0,504
0042500401,688,PT00M57.30S,4,1610612752,NYK,1628404,Hart,J. Hart,0,0,0,,0,,,0,v,Hart STEAL (4 STL),,,1,0,505
0042500401,690,PT00M37.80S,4,1610612752,NYK,1628973,Brunson,J. Brunson,87,116,15,Made,1,95,101,196,v,Brunson 15' Pullup Jump Shot (30 PTS),Made Shot,Pullup Jump shot,1,2,506
0042500401,691,PT00M32.10S,4,1610612759,SAS,1641705,Wembanyama,V. Wembanyama,113,252,28,Missed,1,,,0,h,MISS Wembanyama 28' 3PT Jump Shot,Missed Shot,Jump Shot,1,3,507
0042500401,692,PT00M29.40S,4,0,,1610612752,,,0,0,0,,0,,,0,v,Knicks Rebound,Rebound,Unknown,0,0,508
0042500401,694,PT00M29.40S,4,1610612759,SAS,1628368,Fox,D. Fox,0,0,0,,0,,,0,h,Fox L.B.FOUL (P5.PN) (S.Foster),Foul,Loose Ball,1,0,509
0042500401,696,PT00M29.40S,4,1610612752,NYK,1628384,Anunoby,O. Anunoby,0,0,0,,0,95,102,197,v,Anunoby Free Throw 1 of 2 (14 PTS),Free Throw,Free Throw 1 of 2,1,0,510
0042500401,697,PT00M29.40S,4,1610612752,NYK,1626157,Towns,K. Towns,0,0,0,,0,,,0,v,SUB: Shamet FOR Towns,Substitution,,0,0,511
0042500401,699,PT00M29.40S,4,1610612752,NYK,1628384,Anunoby,O. Anunoby,0,0,0,,0,95,103,198,v,Anunoby Free Throw 2 of 2 (15 PTS),Free Throw,Free Throw 2 of 2,1,0,512
0042500401,701,PT00M21.10S,4,0,,1610612759,,,0,0,0,,0,,,0,h,SPURS Timeout: Regular (Full 6 Short 0),Timeout,Regular,0,0,513
0042500401,702,PT00M21.10S,4,0,,700,Tower,K. Tower,0,0,0,,0,95,103,198,,Instant Replay4th Period (11:10 PM EST),Instant Replay,Coach Challenge Overturn Ruling,0,0,514
0042500401,703,PT00M21.10S,4,1610612759,SAS,1628368,Fox,D. Fox,0,0,0,,0,,,0,h,Fox Out of Bounds - Bad Pass Turnover Turnover (P3.T13),Turnover,Out of Bounds - Bad Pass Turnover,1,0,515
0042500401,704,PT00M21.10S,4,0,,1610612752,,,0,0,0,,0,,,0,v,Knicks Timeout: Regular (Reg.6 Short 0),Timeout,Regular,0,0,516
0042500401,705,PT00M21.10S,4,1610612752,NYK,1629013,Shamet,L. Shamet,0,0,0,,0,,,0,v,SUB: Towns FOR Shamet,Substitution,,0,0,517
0042500401,707,PT00M20.60S,4,1610612759,SAS,1642264,Castle,S. Castle,0,0,0,,0,,,0,h,Castle Personal Take Foul (P3.PN) (S.Foster),Foul,Personal Take,1,0,518
0042500401,709,PT00M20.60S,4,1610612752,NYK,1628384,Anunoby,O. Anunoby,0,0,0,,0,95,104,199,v,Anunoby Free Throw 1 of 2 (16 PTS),Free Throw,Free Throw 1 of 2,1,0,519
0042500401,710,PT00M20.60S,4,1610612752,NYK,1626157,Towns,K. Towns,0,0,0,,0,,,0,v,SUB: Shamet FOR Towns,Substitution,,0,0,520
0042500401,712,PT00M20.60S,4,1610612752,NYK,1628384,Anunoby,O. Anunoby,0,0,0,,0,95,105,200,v,Anunoby Free Throw 2 of 2 (17 PTS),Free Throw,Free Throw 2 of 2,1,0,521
0042500401,713,PT00M13.00S,4,1610612759,SAS,1630577,Champagnie,J. Champagnie,-207,152,26,Missed,1,,,0,h,MISS Champagnie 26' 3PT Jump Shot,Missed Shot,Jump Shot,1,3,522
0042500401,714,PT00M09.60S,4,1610612752,NYK,1628404,Hart,J. Hart,0,0,0,,0,,,0,v,Hart REBOUND (Off:2 Def:13),Rebound,Unknown,1,0,523
0042500401,715,PT00M00.00S,4,0,,0,,,0,0,0,,0,95,105,200,,End of 4th Period (11:15 PM EST),period,end,1,0,524
